order_id,customer_id,product_id,order_date,quantity,unit_price,discount_percent,sales_rep_id,order_status,total_amount,order_month,profit_margin
ORD000001,CUST216,PROD19,2025-04-26,7,123.23,0.21,REP17,Shipped,681.4619,2025-04,49.292
ORD000002,CUST59,PROD30,2025-08-19,4,339.23,0.26,REP8,Pending,1004.1208,2025-08,135.692
ORD000003,CUST60,PROD9,2025-09-08,8,19.66,0.19,REP14,Shipped,127.39680000000001,2025-09,7.864000000000001
ORD000004,CUST137,PROD7,2025-04-13,5,61.01,0.23,REP11,Delivered,234.88850000000002,2025-04,24.404
ORD000005,CUST82,PROD52,2024-11-18,7,401.96,0.05,REP16,Delivered,2673.0339999999997,2024-11,160.784
ORD000006,CUST248,PROD38,2025-03-15,3,97.49,0.14,REP7,Delivered,251.52419999999998,2025-03,38.996
ORD000007,CUST96,PROD18,2024-11-19,7,329.85,0.0,REP3,Cancelled,2308.9500000000003,2024-11,131.94000000000003
ORD000008,CUST80,PROD97,2025-04-24,8,126.71,0.07,REP15,Pending,942.7223999999999,2025-04,50.684
ORD000009,CUST84,PROD39,2025-08-26,5,58.73,0.22,REP20,Shipped,229.047,2025-08,23.492
ORD000010,CUST256,PROD11,2025-08-28,4,129.15,0.3,REP13,Cancelled,361.62,2025-08,51.660000000000004
ORD000011,CUST126,PROD31,2025-06-25,8,363.91,0.03,REP13,Pending,2823.9416,2025-06,145.56400000000002
ORD000012,CUST239,PROD49,2024-09-20,8,429.29,0.12,REP13,Shipped,3022.2016000000003,2024-09,171.716
ORD000013,CUST94,PROD20,2025-03-16,3,416.81,0.24,REP12,Cancelled,950.3268,2025-03,166.72400000000002
ORD000014,CUST247,PROD20,2025-04-16,6,204.62,0.06,REP6,Cancelled,1154.0568,2025-04,81.84800000000001
ORD000015,CUST198,PROD27,2025-01-04,5,337.36,0.17,REP16,Pending,1400.044,2025-01,134.94400000000002
ORD000016,CUST87,PROD71,2025-01-07,2,110.44,0.22,REP9,Pending,172.28640000000001,2025-01,44.176
ORD000017,CUST145,PROD33,2024-09-24,8,153.64,0.18,REP6,Shipped,1007.8783999999999,2024-09,61.455999999999996
ORD000018,CUST18,PROD55,2025-06-14,6,449.2,0.06,REP3,Pending,2533.488,2025-06,179.68
ORD000019,CUST250,PROD33,2025-02-07,2,16.37,0.11,REP3,Pending,29.138600000000004,2025-02,6.548000000000001
ORD000020,CUST45,PROD39,2024-12-31,5,51.9,0.24,REP6,Cancelled,197.22,2024-12,20.76
ORD000021,CUST90,PROD37,2025-04-06,1,111.86,0.17,REP20,Shipped,92.8438,2025-04,44.744
ORD000022,CUST107,PROD38,2024-12-28,6,23.0,0.0,REP8,Pending,138.0,2024-12,9.200000000000001
ORD000023,CUST159,PROD1,2024-11-23,9,98.9,0.23,REP20,Shipped,685.3770000000001,2024-11,39.56
ORD000024,CUST245,PROD69,2025-07-31,1,295.69,0.01,REP18,Cancelled,292.7331,2025-07,118.27600000000001
ORD000025,CUST126,PROD27,2025-04-01,3,216.5,0.22,REP2,Pending,506.61,2025-04,86.60000000000001
ORD000026,CUST35,PROD87,2025-04-18,7,447.41,0.06,REP16,Pending,2943.9578,2025-04,178.96400000000003
ORD000027,CUST109,PROD90,2025-06-13,4,410.55,0.29,REP4,Delivered,1165.962,2025-06,164.22000000000003
ORD000028,CUST138,PROD67,2025-02-09,9,177.49,0.11,REP4,Shipped,1421.6949000000002,2025-02,70.99600000000001
ORD000029,CUST93,PROD20,2024-11-06,3,137.12,0.1,REP20,Cancelled,370.22400000000005,2024-11,54.848000000000006
ORD000030,CUST49,PROD48,2025-09-03,5,196.05,0.04,REP4,Cancelled,941.04,2025-09,78.42000000000002
ORD000031,CUST245,PROD27,2025-06-10,3,299.24,0.09,REP19,Pending,816.9252,2025-06,119.69600000000001
ORD000032,CUST201,PROD36,2024-10-24,7,141.35,0.26,REP1,Delivered,732.193,2024-10,56.54
ORD000033,CUST172,PROD53,2025-03-03,5,315.83,0.3,REP8,Delivered,1105.4049999999997,2025-03,126.332
ORD000034,CUST207,PROD26,2024-09-22,9,210.61,0.11,REP15,Shipped,1686.9861000000003,2024-09,84.24400000000001
ORD000035,CUST80,PROD78,2024-10-22,7,280.5,0.13,REP7,Pending,1708.245,2024-10,112.2
ORD000036,CUST21,PROD24,2025-06-11,2,223.7,0.22,REP13,Shipped,348.972,2025-06,89.48
ORD000037,CUST62,PROD40,2024-10-17,4,154.29,0.27,REP9,Cancelled,450.5268,2024-10,61.716
ORD000038,CUST243,PROD33,2025-02-11,9,474.74,0.18,REP8,Shipped,3503.5812,2025-02,189.89600000000002
ORD000039,CUST109,PROD46,2024-12-14,2,384.17,0.12,REP17,Delivered,676.1392000000001,2024-12,153.668
ORD000040,CUST233,PROD55,2024-12-23,9,78.66,0.12,REP13,Cancelled,622.9871999999999,2024-12,31.464
ORD000041,CUST88,PROD52,2025-07-08,5,435.55,0.21,REP15,Pending,1720.4225000000001,2025-07,174.22000000000003
ORD000042,CUST128,PROD34,2024-11-05,2,248.84,0.0,REP3,Shipped,497.68,2024-11,99.536
ORD000043,CUST160,PROD69,2025-01-04,4,448.33,0.19,REP13,Cancelled,1452.5892000000001,2025-01,179.332
ORD000044,CUST215,PROD59,2024-11-28,7,401.93,0.11,REP17,Pending,2504.0239,2024-11,160.77200000000002
ORD000045,CUST3,PROD56,2024-09-22,8,218.35,0.24,REP8,Shipped,1327.568,2024-09,87.34
ORD000046,CUST276,PROD64,2025-04-18,3,21.01,0.03,REP11,Delivered,61.1391,2025-04,8.404000000000002
ORD000047,CUST144,PROD34,2025-05-18,1,141.65,0.18,REP1,Shipped,116.15300000000002,2025-05,56.660000000000004
ORD000048,CUST29,PROD58,2024-10-09,4,275.4,0.14,REP6,Shipped,947.3759999999999,2024-10,110.16
ORD000049,CUST8,PROD35,2025-05-10,2,320.4,0.19,REP10,Pending,519.048,2025-05,128.16
ORD000050,CUST209,PROD94,2025-06-04,8,136.36,0.02,REP11,Cancelled,1069.0624,2025-06,54.54400000000001
ORD000051,CUST155,PROD81,2025-02-28,4,78.28,0.17,REP18,Shipped,259.8896,2025-02,31.312
ORD000052,CUST46,PROD74,2025-05-25,2,419.12,0.17,REP8,Shipped,695.7392,2025-05,167.64800000000002
ORD000053,CUST224,PROD60,2025-09-03,6,492.36,0.17,REP3,Cancelled,2451.9527999999996,2025-09,196.94400000000002
ORD000054,CUST246,PROD41,2025-03-10,6,267.59,0.18,REP2,Delivered,1316.5428000000002,2025-03,107.036
ORD000055,CUST54,PROD88,2025-02-11,4,94.12,0.2,REP14,Cancelled,301.184,2025-02,37.648
ORD000056,CUST21,PROD80,2025-07-14,6,143.43,0.24,REP11,Pending,654.0408,2025-07,57.37200000000001
ORD000057,CUST165,PROD2,2025-08-02,2,19.01,0.08,REP14,Pending,34.97840000000001,2025-08,7.604000000000001
ORD000058,CUST93,PROD35,2025-08-20,2,458.01,0.25,REP19,Shipped,687.015,2025-08,183.204
ORD000059,CUST226,PROD46,2025-07-24,4,67.7,0.15,REP6,Delivered,230.18,2025-07,27.080000000000002
ORD000060,CUST267,PROD2,2024-11-24,8,292.49,0.02,REP5,Pending,2293.1216,2024-11,116.99600000000001
ORD000061,CUST278,PROD90,2025-01-10,7,144.29,0.02,REP20,Delivered,989.8294,2025-01,57.716
ORD000062,CUST290,PROD14,2025-09-10,9,281.55,0.1,REP5,Pending,2280.5550000000003,2025-09,112.62
ORD000063,CUST96,PROD26,2025-01-30,8,329.2,0.24,REP14,Cancelled,2001.536,2025-01,131.68
ORD000064,CUST4,PROD2,2025-02-19,5,416.57,0.21,REP12,Delivered,1645.4515,2025-02,166.62800000000001
ORD000065,CUST169,PROD12,2025-04-17,2,111.15,0.24,REP13,Shipped,168.948,2025-04,44.46000000000001
ORD000066,CUST177,PROD29,2025-02-12,5,15.39,0.16,REP12,Cancelled,64.638,2025-02,6.156000000000001
ORD000067,CUST215,PROD93,2025-02-10,8,77.07,0.13,REP3,Pending,536.4072,2025-02,30.828
ORD000068,CUST243,PROD96,2025-05-21,9,451.01,0.04,REP2,Pending,3896.7264,2025-05,180.404
ORD000069,CUST238,PROD9,2024-12-29,9,438.21,0.1,REP15,Shipped,3549.5009999999997,2024-12,175.284
ORD000070,CUST226,PROD61,2025-07-14,1,302.73,0.13,REP2,Delivered,263.37510000000003,2025-07,121.09200000000001
ORD000071,CUST234,PROD31,2024-09-17,9,304.25,0.03,REP12,Shipped,2656.1025,2024-09,121.7
ORD000072,CUST27,PROD5,2024-10-14,7,335.87,0.07,REP15,Cancelled,2186.5137,2024-10,134.348
ORD000073,CUST297,PROD81,2025-07-31,9,95.93,0.18,REP13,Delivered,707.9634000000002,2025-07,38.37200000000001
ORD000074,CUST186,PROD82,2025-08-30,8,458.06,0.22,REP3,Cancelled,2858.2944,2025-08,183.22400000000002
ORD000075,CUST131,PROD31,2025-08-02,1,215.2,0.3,REP9,Delivered,150.64,2025-08,86.08
ORD000076,CUST112,PROD72,2025-04-20,8,197.74,0.28,REP20,Shipped,1138.9824,2025-04,79.096
ORD000077,CUST101,PROD55,2025-04-18,8,264.27,0.19,REP3,Shipped,1712.4696,2025-04,105.708
ORD000078,CUST83,PROD89,2025-08-30,3,33.01,0.13,REP10,Cancelled,86.1561,2025-08,13.204
ORD000079,CUST287,PROD60,2025-05-02,1,91.48,0.19,REP10,Pending,74.09880000000001,2025-05,36.592000000000006
ORD000080,CUST264,PROD7,2025-09-01,8,371.64,0.24,REP8,Cancelled,2259.5712,2025-09,148.656
ORD000081,CUST28,PROD93,2025-07-31,3,50.57,0.04,REP15,Cancelled,145.6416,2025-07,20.228
ORD000082,CUST215,PROD27,2025-01-07,3,305.54,0.12,REP11,Shipped,806.6256000000001,2025-01,122.21600000000001
ORD000083,CUST20,PROD47,2025-04-17,1,130.22,0.25,REP14,Shipped,97.66499999999999,2025-04,52.088
ORD000084,CUST285,PROD17,2025-03-17,5,200.75,0.12,REP9,Shipped,883.3,2025-03,80.30000000000001
ORD000085,CUST42,PROD70,2025-07-24,7,151.46,0.17,REP1,Pending,879.9825999999999,2025-07,60.584
ORD000086,CUST137,PROD39,2025-01-24,9,184.28,0.18,REP18,Cancelled,1359.9864,2025-01,73.712
ORD000087,CUST165,PROD61,2024-11-21,7,362.33,0.06,REP2,Shipped,2384.1313999999998,2024-11,144.932
ORD000088,CUST173,PROD80,2025-08-11,9,155.59,0.11,REP14,Shipped,1246.2758999999999,2025-08,62.236000000000004
ORD000089,CUST231,PROD33,2025-07-03,8,287.54,0.1,REP7,Shipped,2070.288,2025-07,115.01600000000002
ORD000090,CUST287,PROD100,2025-07-24,2,243.26,0.01,REP3,Pending,481.65479999999997,2025-07,97.304
ORD000091,CUST172,PROD79,2025-03-27,1,335.2,0.01,REP1,Shipped,331.848,2025-03,134.08
ORD000092,CUST67,PROD43,2024-09-20,7,469.05,0.25,REP4,Pending,2462.5125,2024-09,187.62
ORD000093,CUST15,PROD49,2024-09-25,7,368.96,0.08,REP19,Pending,2376.1023999999998,2024-09,147.584
ORD000094,CUST147,PROD80,2024-10-13,8,115.32,0.16,REP4,Pending,774.9504,2024-10,46.128
ORD000095,CUST265,PROD65,2025-08-14,5,25.28,0.09,REP9,Cancelled,115.02400000000002,2025-08,10.112000000000002
ORD000096,CUST3,PROD55,2025-02-05,3,138.51,0.28,REP15,Pending,299.18159999999995,2025-02,55.403999999999996
ORD000097,CUST260,PROD51,2025-02-03,8,301.59,0.08,REP7,Delivered,2219.7024,2025-02,120.636
ORD000098,CUST176,PROD8,2024-10-08,6,35.2,0.13,REP12,Cancelled,183.744,2024-10,14.080000000000002
ORD000099,CUST10,PROD6,2025-04-23,3,253.22,0.26,REP1,Cancelled,562.1483999999999,2025-04,101.28800000000001
ORD000100,CUST3,PROD4,2025-02-12,1,302.45,0.25,REP8,Shipped,226.83749999999998,2025-02,120.98
ORD000101,CUST22,PROD74,2025-02-15,3,173.78,0.06,REP2,Pending,490.0596,2025-02,69.512
ORD000102,CUST135,PROD55,2025-05-11,5,387.75,0.24,REP4,Delivered,1473.45,2025-05,155.10000000000002
ORD000103,CUST5,PROD54,2025-05-25,3,62.23,0.14,REP5,Delivered,160.55339999999998,2025-05,24.892
ORD000104,CUST260,PROD32,2024-09-16,1,46.82,0.14,REP3,Pending,40.2652,2024-09,18.728
ORD000105,CUST208,PROD17,2024-11-19,5,366.81,0.04,REP17,Delivered,1760.6879999999999,2024-11,146.72400000000002
ORD000106,CUST110,PROD7,2024-12-28,7,252.79,0.02,REP11,Delivered,1734.1394,2024-12,101.116
ORD000107,CUST108,PROD67,2025-02-07,7,347.32,0.22,REP16,Pending,1896.3672,2025-02,138.928
ORD000108,CUST64,PROD23,2025-06-01,9,223.07,0.15,REP17,Cancelled,1706.4854999999998,2025-06,89.22800000000001
ORD000109,CUST272,PROD40,2025-07-11,3,130.74,0.13,REP15,Cancelled,341.2314,2025-07,52.29600000000001
ORD000110,CUST69,PROD24,2025-06-24,7,411.36,0.22,REP15,Delivered,2246.0256,2025-06,164.544
ORD000111,CUST60,PROD34,2024-11-23,1,401.71,0.23,REP9,Cancelled,309.31669999999997,2024-11,160.684
ORD000112,CUST261,PROD74,2025-08-06,4,350.4,0.05,REP18,Cancelled,1331.5199999999998,2025-08,140.16
ORD000113,CUST14,PROD30,2024-09-20,4,143.35,0.18,REP14,Shipped,470.18800000000005,2024-09,57.34
ORD000114,CUST218,PROD12,2024-12-12,5,299.21,0.04,REP4,Shipped,1436.2079999999999,2024-12,119.684
ORD000115,CUST138,PROD30,2025-07-21,7,186.88,0.23,REP19,Pending,1007.2832,2025-07,74.752
ORD000116,CUST138,PROD40,2025-05-01,7,54.88,0.2,REP7,Pending,307.32800000000003,2025-05,21.952
ORD000117,CUST40,PROD74,2025-02-26,4,459.48,0.29,REP5,Shipped,1304.9232,2025-02,183.79200000000003
ORD000118,CUST151,PROD47,2025-09-15,7,77.04,0.02,REP1,Pending,528.4944,2025-09,30.816000000000003
ORD000119,CUST150,PROD8,2025-02-21,3,475.62,0.02,REP18,Delivered,1398.3228000000001,2025-02,190.24800000000002
ORD000120,CUST153,PROD94,2024-11-30,6,228.54,0.08,REP19,Delivered,1261.5408,2024-11,91.416
ORD000121,CUST29,PROD82,2025-07-01,2,100.72,0.08,REP2,Shipped,185.3248,2025-07,40.288000000000004
ORD000122,CUST258,PROD20,2025-03-24,9,275.53,0.07,REP5,Cancelled,2306.1860999999994,2025-03,110.21199999999999
ORD000123,CUST31,PROD8,2025-06-30,5,437.74,0.27,REP17,Delivered,1597.7509999999997,2025-06,175.096
ORD000124,CUST300,PROD15,2025-06-28,6,368.79,0.07,REP6,Shipped,2057.8482,2025-06,147.51600000000002
ORD000125,CUST89,PROD40,2025-02-23,4,405.21,0.08,REP12,Shipped,1491.1728,2025-02,162.084
ORD000126,CUST289,PROD85,2025-09-06,7,332.8,0.23,REP5,Pending,1793.792,2025-09,133.12
ORD000127,CUST157,PROD95,2025-08-12,9,349.22,0.13,REP20,Cancelled,2734.3926000000006,2025-08,139.68800000000002
ORD000128,CUST140,PROD81,2024-12-03,7,426.11,0.23,REP14,Pending,2296.7329,2024-12,170.44400000000002
ORD000129,CUST8,PROD63,2025-04-08,1,132.34,0.02,REP5,Shipped,129.6932,2025-04,52.93600000000001
ORD000130,CUST227,PROD68,2025-09-07,1,249.82,0.15,REP6,Shipped,212.34699999999998,2025-09,99.928
ORD000131,CUST243,PROD67,2024-12-01,9,118.39,0.01,REP12,Pending,1054.8549,2024-12,47.356
ORD000132,CUST25,PROD46,2024-11-27,9,493.96,0.02,REP13,Cancelled,4356.727199999999,2024-11,197.584
ORD000133,CUST73,PROD20,2024-11-13,4,472.59,0.27,REP18,Cancelled,1379.9627999999998,2024-11,189.036
ORD000134,CUST68,PROD94,2025-04-11,9,29.32,0.04,REP1,Shipped,253.32479999999998,2025-04,11.728000000000002
ORD000135,CUST188,PROD66,2025-05-09,3,355.73,0.16,REP19,Pending,896.4396,2025-05,142.292
ORD000136,CUST99,PROD35,2025-06-07,7,463.37,0.12,REP16,Pending,2854.3592000000003,2025-06,185.348
ORD000137,CUST140,PROD96,2025-04-23,6,98.48,0.1,REP2,Shipped,531.792,2025-04,39.392
ORD000138,CUST157,PROD24,2025-07-30,8,288.29,0.27,REP1,Shipped,1683.6136000000001,2025-07,115.31600000000002
ORD000139,CUST267,PROD30,2025-02-26,9,458.59,0.01,REP11,Cancelled,4086.0368999999996,2025-02,183.436
ORD000140,CUST282,PROD62,2025-03-09,5,26.63,0.2,REP5,Cancelled,106.52000000000001,2025-03,10.652000000000001
ORD000141,CUST151,PROD36,2025-05-22,1,351.74,0.29,REP11,Delivered,249.7354,2025-05,140.696
ORD000142,CUST291,PROD51,2024-10-08,3,155.7,0.17,REP12,Cancelled,387.6929999999999,2024-10,62.28
ORD000143,CUST65,PROD28,2025-07-21,8,462.95,0.28,REP19,Pending,2666.5919999999996,2025-07,185.18
ORD000144,CUST185,PROD72,2025-03-25,6,485.82,0.02,REP8,Pending,2856.6216,2025-03,194.328
ORD000145,CUST166,PROD42,2025-04-01,8,472.69,0.13,REP10,Cancelled,3289.9224,2025-04,189.07600000000002
ORD000146,CUST6,PROD87,2025-03-01,9,242.36,0.08,REP12,Pending,2006.7408000000003,2025-03,96.94400000000002
ORD000147,CUST198,PROD79,2024-10-05,4,432.4,0.22,REP4,Delivered,1349.088,2024-10,172.96
ORD000148,CUST181,PROD80,2025-03-31,1,423.83,0.29,REP12,Cancelled,300.91929999999996,2025-03,169.532
ORD000149,CUST295,PROD55,2025-09-07,1,166.36,0.08,REP16,Cancelled,153.05120000000002,2025-09,66.54400000000001
ORD000150,CUST141,PROD69,2025-03-09,4,416.17,0.2,REP5,Delivered,1331.7440000000001,2025-03,166.46800000000002
ORD000151,CUST15,PROD76,2025-06-06,7,28.13,0.06,REP20,Shipped,185.09539999999998,2025-06,11.252
ORD000152,CUST106,PROD24,2025-04-30,2,302.17,0.17,REP17,Pending,501.6022,2025-04,120.86800000000001
ORD000153,CUST271,PROD48,2025-01-22,3,122.7,0.14,REP13,Shipped,316.56600000000003,2025-01,49.080000000000005
ORD000154,CUST81,PROD47,2025-04-20,1,69.08,0.29,REP15,Cancelled,49.0468,2025-04,27.632
ORD000155,CUST191,PROD78,2024-11-24,5,47.71,0.18,REP10,Delivered,195.61100000000002,2024-11,19.084
ORD000156,CUST254,PROD59,2025-05-10,1,351.18,0.1,REP7,Cancelled,316.062,2025-05,140.472
ORD000157,CUST5,PROD26,2025-06-10,8,176.54,0.03,REP20,Delivered,1369.9504,2025-06,70.616
ORD000158,CUST189,PROD20,2024-10-03,1,365.14,0.05,REP16,Shipped,346.883,2024-10,146.056
ORD000159,CUST113,PROD4,2025-02-13,1,42.02,0.07,REP5,Delivered,39.0786,2025-02,16.808000000000003
ORD000160,CUST82,PROD68,2025-02-20,2,164.49,0.08,REP17,Shipped,302.6616,2025-02,65.796
ORD000161,CUST194,PROD74,2025-04-01,2,274.35,0.26,REP15,Cancelled,406.038,2025-04,109.74000000000001
ORD000162,CUST51,PROD66,2024-11-20,6,397.45,0.17,REP10,Cancelled,1979.3009999999997,2024-11,158.98000000000002
ORD000163,CUST82,PROD48,2025-04-19,7,166.19,0.16,REP18,Delivered,977.1972,2025-04,66.476
ORD000164,CUST217,PROD60,2024-11-15,5,316.69,0.03,REP1,Delivered,1535.9465,2024-11,126.676
ORD000165,CUST6,PROD89,2025-03-03,1,444.13,0.26,REP5,Pending,328.6562,2025-03,177.65200000000002
ORD000166,CUST136,PROD27,2024-09-28,1,311.77,0.22,REP13,Delivered,243.1806,2024-09,124.708
ORD000167,CUST249,PROD34,2024-11-23,3,124.15,0.02,REP14,Pending,365.00100000000003,2024-11,49.660000000000004
ORD000168,CUST72,PROD97,2024-10-14,2,21.96,0.21,REP18,Shipped,34.6968,2024-10,8.784
ORD000169,CUST206,PROD21,2025-04-14,5,436.35,0.16,REP9,Pending,1832.6699999999998,2025-04,174.54000000000002
ORD000170,CUST285,PROD45,2025-01-01,6,20.42,0.02,REP10,Shipped,120.06960000000001,2025-01,8.168000000000001
ORD000171,CUST288,PROD29,2025-02-21,7,438.6,0.14,REP5,Pending,2640.3720000000003,2025-02,175.44000000000003
ORD000172,CUST168,PROD1,2025-07-05,4,269.18,0.15,REP2,Delivered,915.212,2025-07,107.67200000000001
ORD000173,CUST31,PROD48,2024-11-17,7,470.14,0.05,REP12,Cancelled,3126.431,2024-11,188.056
ORD000174,CUST159,PROD34,2025-04-02,8,401.4,0.28,REP18,Cancelled,2312.064,2025-04,160.56
ORD000175,CUST19,PROD95,2024-11-15,1,498.99,0.25,REP15,Delivered,374.2425,2024-11,199.596
ORD000176,CUST154,PROD18,2024-10-28,6,181.85,0.2,REP14,Cancelled,872.88,2024-10,72.74
ORD000177,CUST64,PROD27,2024-11-09,8,385.92,0.14,REP13,Cancelled,2655.1296,2024-11,154.36800000000002
ORD000178,CUST292,PROD46,2024-10-09,5,206.95,0.12,REP17,Pending,910.58,2024-10,82.78
ORD000179,CUST85,PROD44,2025-01-08,4,245.14,0.2,REP15,Delivered,784.448,2025-01,98.056
ORD000180,CUST56,PROD44,2025-06-16,2,317.48,0.16,REP13,Delivered,533.3664,2025-06,126.99200000000002
ORD000181,CUST252,PROD90,2025-06-01,6,438.1,0.02,REP17,Shipped,2576.0280000000002,2025-06,175.24
ORD000182,CUST214,PROD65,2025-07-05,6,492.2,0.15,REP9,Pending,2510.22,2025-07,196.88
ORD000183,CUST160,PROD18,2025-08-07,1,386.45,0.24,REP2,Pending,293.702,2025-08,154.58
ORD000184,CUST131,PROD25,2025-08-01,9,214.71,0.14,REP8,Delivered,1661.8554000000001,2025-08,85.88400000000001
ORD000185,CUST86,PROD93,2024-10-28,6,216.46,0.02,REP7,Shipped,1272.7848,2024-10,86.584
ORD000186,CUST154,PROD74,2025-01-16,3,371.42,0.24,REP17,Cancelled,846.8376,2025-01,148.568
ORD000187,CUST42,PROD32,2025-04-27,4,127.0,0.06,REP8,Pending,477.52,2025-04,50.800000000000004
ORD000188,CUST209,PROD55,2025-02-05,4,64.13,0.08,REP17,Delivered,235.9984,2025-02,25.652
ORD000189,CUST210,PROD1,2024-12-06,3,183.76,0.05,REP3,Cancelled,523.7159999999999,2024-12,73.504
ORD000190,CUST50,PROD45,2024-12-01,3,150.75,0.1,REP9,Delivered,407.02500000000003,2024-12,60.300000000000004
ORD000191,CUST12,PROD69,2025-05-30,3,155.19,0.23,REP3,Pending,358.4889,2025-05,62.076
ORD000192,CUST33,PROD5,2025-07-02,4,124.47,0.16,REP12,Shipped,418.2192,2025-07,49.788000000000004
ORD000193,CUST269,PROD63,2025-09-15,7,30.63,0.06,REP18,Shipped,201.54539999999997,2025-09,12.252
ORD000194,CUST183,PROD77,2025-01-17,4,18.76,0.26,REP17,Cancelled,55.5296,2025-01,7.504000000000001
ORD000195,CUST247,PROD88,2024-10-14,9,493.98,0.26,REP14,Delivered,3289.9067999999997,2024-10,197.592
ORD000196,CUST156,PROD12,2025-06-07,1,219.61,0.26,REP18,Cancelled,162.5114,2025-06,87.84400000000001
ORD000197,CUST175,PROD35,2024-09-19,8,198.32,0.07,REP17,Pending,1475.5007999999998,2024-09,79.328
ORD000198,CUST298,PROD5,2025-05-24,7,343.03,0.14,REP1,Pending,2065.0406,2025-05,137.212
ORD000199,CUST210,PROD85,2024-12-31,2,116.94,0.3,REP2,Cancelled,163.71599999999998,2024-12,46.776
ORD000200,CUST188,PROD22,2025-05-15,8,475.48,0.23,REP10,Delivered,2928.9568000000004,2025-05,190.192
ORD000201,CUST3,PROD97,2024-10-25,1,395.31,0.01,REP19,Pending,391.3569,2024-10,158.12400000000002
ORD000202,CUST246,PROD39,2025-01-14,9,53.81,0.02,REP20,Pending,474.6042,2025-01,21.524
ORD000203,CUST113,PROD73,2024-12-12,9,214.61,0.14,REP2,Delivered,1661.0814000000003,2024-12,85.84400000000001
ORD000204,CUST252,PROD4,2025-03-08,2,440.77,0.27,REP3,Cancelled,643.5242,2025-03,176.308
ORD000205,CUST47,PROD86,2025-07-13,7,472.92,0.16,REP13,Cancelled,2780.7696,2025-07,189.168
ORD000206,CUST138,PROD64,2025-08-22,3,239.03,0.15,REP14,Delivered,609.5265,2025-08,95.61200000000001
ORD000207,CUST253,PROD61,2025-07-28,7,310.57,0.03,REP5,Shipped,2108.7702999999997,2025-07,124.22800000000001
ORD000208,CUST141,PROD79,2024-11-21,9,91.85,0.2,REP14,Shipped,661.32,2024-11,36.74
ORD000209,CUST205,PROD85,2025-07-19,4,495.67,0.25,REP11,Delivered,1487.01,2025-07,198.26800000000003
ORD000210,CUST71,PROD10,2024-09-22,1,123.52,0.11,REP8,Pending,109.9328,2024-09,49.408
ORD000211,CUST47,PROD3,2025-08-07,2,471.94,0.23,REP1,Shipped,726.7876,2025-08,188.776
ORD000212,CUST294,PROD88,2024-11-21,1,328.33,0.29,REP6,Shipped,233.1143,2024-11,131.332
ORD000213,CUST224,PROD36,2024-10-08,5,307.79,0.06,REP14,Delivered,1446.613,2024-10,123.11600000000001
ORD000214,CUST230,PROD44,2025-09-06,5,261.22,0.16,REP12,Delivered,1097.124,2025-09,104.48800000000001
ORD000215,CUST11,PROD17,2025-06-04,7,123.03,0.09,REP8,Delivered,783.7011000000001,2025-06,49.212
ORD000216,CUST84,PROD44,2024-12-08,9,96.5,0.24,REP20,Delivered,660.0600000000001,2024-12,38.6
ORD000217,CUST47,PROD2,2024-12-31,9,118.04,0.17,REP15,Shipped,881.7588000000001,2024-12,47.21600000000001
ORD000218,CUST227,PROD89,2025-05-16,3,101.35,0.19,REP1,Pending,246.2805,2025-05,40.54
ORD000219,CUST258,PROD20,2025-05-17,3,392.0,0.24,REP5,Shipped,893.76,2025-05,156.8
ORD000220,CUST265,PROD1,2025-08-17,3,181.56,0.12,REP1,Shipped,479.31840000000005,2025-08,72.62400000000001
ORD000221,CUST165,PROD44,2025-06-29,4,38.34,0.27,REP15,Pending,111.95280000000001,2025-06,15.336000000000002
ORD000222,CUST133,PROD52,2024-09-21,8,484.86,0.16,REP7,Shipped,3258.2592,2024-09,193.94400000000002
ORD000223,CUST101,PROD82,2024-12-18,6,443.06,0.05,REP2,Cancelled,2525.442,2024-12,177.22400000000002
ORD000224,CUST175,PROD25,2024-12-24,8,464.6,0.21,REP15,Cancelled,2936.2720000000004,2024-12,185.84000000000003
ORD000225,CUST201,PROD40,2024-10-03,1,497.5,0.24,REP8,Shipped,378.1,2024-10,199.0
ORD000226,CUST116,PROD33,2025-07-02,8,95.21,0.1,REP14,Pending,685.512,2025-07,38.083999999999996
ORD000227,CUST177,PROD10,2024-12-01,4,204.16,0.26,REP19,Cancelled,604.3136,2024-12,81.664
ORD000228,CUST54,PROD85,2025-05-28,1,381.54,0.27,REP9,Delivered,278.5242,2025-05,152.616
ORD000229,CUST265,PROD9,2025-01-31,8,351.05,0.08,REP7,Cancelled,2583.728,2025-01,140.42000000000002
ORD000230,CUST166,PROD49,2025-08-14,4,85.41,0.3,REP8,Cancelled,239.14799999999997,2025-08,34.164
ORD000231,CUST300,PROD54,2025-03-24,6,409.76,0.04,REP1,Pending,2360.2176,2025-03,163.904
ORD000232,CUST148,PROD18,2025-06-24,8,119.98,0.06,REP20,Pending,902.2496,2025-06,47.992000000000004
ORD000233,CUST91,PROD23,2025-03-28,4,119.67,0.06,REP14,Shipped,449.95919999999995,2025-03,47.868
ORD000234,CUST8,PROD7,2025-09-05,3,273.12,0.27,REP7,Cancelled,598.1328,2025-09,109.248
ORD000235,CUST217,PROD42,2025-02-21,9,300.54,0.2,REP12,Pending,2163.8880000000004,2025-02,120.21600000000001
ORD000236,CUST248,PROD72,2024-12-06,3,294.24,0.05,REP17,Shipped,838.584,2024-12,117.69600000000001
ORD000237,CUST126,PROD48,2025-05-14,9,54.83,0.13,REP12,Delivered,429.3189,2025-05,21.932000000000002
ORD000238,CUST147,PROD46,2024-11-04,2,439.96,0.18,REP9,Pending,721.5344,2024-11,175.984
ORD000239,CUST27,PROD70,2025-03-05,2,140.14,0.03,REP8,Pending,271.87159999999994,2025-03,56.056
ORD000240,CUST60,PROD33,2025-08-31,2,73.46,0.26,REP19,Delivered,108.72079999999998,2025-08,29.384
ORD000241,CUST49,PROD93,2025-02-07,6,445.49,0.24,REP5,Pending,2031.4344,2025-02,178.19600000000003
ORD000242,CUST12,PROD88,2024-10-23,3,478.27,0.15,REP6,Pending,1219.5884999999998,2024-10,191.308
ORD000243,CUST101,PROD94,2025-06-27,9,432.44,0.29,REP14,Shipped,2763.2916,2025-06,172.976
ORD000244,CUST280,PROD53,2025-01-23,4,406.66,0.13,REP8,Cancelled,1415.1768000000002,2025-01,162.66400000000002
ORD000245,CUST82,PROD71,2025-06-12,1,331.07,0.3,REP5,Delivered,231.74899999999997,2025-06,132.428
ORD000246,CUST183,PROD100,2025-04-17,4,279.92,0.2,REP8,Cancelled,895.7440000000001,2025-04,111.96800000000002
ORD000247,CUST274,PROD5,2025-08-29,1,52.62,0.19,REP8,Cancelled,42.6222,2025-08,21.048000000000002
ORD000248,CUST146,PROD28,2024-11-07,5,210.14,0.05,REP14,Shipped,998.1649999999997,2024-11,84.056
ORD000249,CUST127,PROD32,2025-01-13,4,192.62,0.26,REP8,Pending,570.1552,2025-01,77.048
ORD000250,CUST244,PROD99,2025-01-14,8,137.28,0.13,REP4,Pending,955.4688,2025-01,54.912000000000006
ORD000251,CUST245,PROD81,2025-04-09,8,364.48,0.05,REP7,Delivered,2770.0480000000002,2025-04,145.792
ORD000252,CUST95,PROD73,2025-07-25,7,252.98,0.0,REP5,Cancelled,1770.86,2025-07,101.19200000000001
ORD000253,CUST110,PROD82,2024-11-22,3,49.71,0.17,REP17,Cancelled,123.77789999999999,2024-11,19.884
ORD000254,CUST241,PROD53,2025-06-26,1,117.89,0.16,REP5,Pending,99.02759999999999,2025-06,47.156000000000006
ORD000255,CUST32,PROD61,2024-11-09,1,344.8,0.22,REP17,Cancelled,268.944,2024-11,137.92000000000002
ORD000256,CUST89,PROD38,2024-12-12,3,47.3,0.27,REP19,Pending,103.58699999999997,2024-12,18.919999999999998
ORD000257,CUST260,PROD20,2025-06-14,6,427.09,0.02,REP18,Cancelled,2511.2891999999997,2025-06,170.836
ORD000258,CUST273,PROD88,2024-10-29,7,252.62,0.22,REP12,Cancelled,1379.3052000000002,2024-10,101.048
ORD000259,CUST272,PROD27,2025-06-04,6,245.49,0.06,REP5,Pending,1384.5636,2025-06,98.19600000000001
ORD000260,CUST246,PROD11,2024-12-10,6,300.28,0.26,REP4,Shipped,1333.2432,2024-12,120.112
ORD000261,CUST217,PROD89,2025-01-29,6,414.09,0.25,REP10,Delivered,1863.405,2025-01,165.636
ORD000262,CUST169,PROD95,2024-10-12,3,180.43,0.16,REP16,Delivered,454.68359999999996,2024-10,72.17200000000001
ORD000263,CUST94,PROD9,2024-10-02,6,342.23,0.21,REP18,Cancelled,1622.1702000000002,2024-10,136.89200000000002
ORD000264,CUST200,PROD23,2024-10-21,8,287.21,0.09,REP7,Shipped,2090.8887999999997,2024-10,114.884
ORD000265,CUST236,PROD54,2025-07-20,2,140.84,0.14,REP16,Shipped,242.2448,2025-07,56.336000000000006
ORD000266,CUST206,PROD33,2024-10-20,5,440.53,0.25,REP5,Cancelled,1651.9874999999997,2024-10,176.212
ORD000267,CUST50,PROD31,2025-01-05,1,400.74,0.14,REP8,Delivered,344.6364,2025-01,160.29600000000002
ORD000268,CUST267,PROD72,2024-12-13,1,332.64,0.11,REP9,Shipped,296.0496,2024-12,133.056
ORD000269,CUST60,PROD10,2025-04-04,5,426.79,0.15,REP18,Pending,1813.8575,2025-04,170.716
ORD000270,CUST266,PROD10,2025-07-08,3,434.97,0.25,REP14,Shipped,978.6825000000001,2025-07,173.98800000000003
ORD000271,CUST143,PROD40,2025-05-24,4,357.1,0.1,REP2,Shipped,1285.5600000000002,2025-05,142.84
ORD000272,CUST199,PROD74,2025-03-12,3,420.14,0.05,REP17,Delivered,1197.3990000000001,2025-03,168.056
ORD000273,CUST297,PROD12,2024-11-16,1,351.76,0.21,REP3,Shipped,277.8904,2024-11,140.704
ORD000274,CUST285,PROD21,2024-12-08,1,343.27,0.25,REP16,Delivered,257.4525,2024-12,137.308
ORD000275,CUST296,PROD70,2025-06-06,5,313.12,0.03,REP13,Cancelled,1518.6319999999998,2025-06,125.248
ORD000276,CUST25,PROD70,2025-03-17,6,378.83,0.07,REP2,Pending,2113.8714,2025-03,151.532
ORD000277,CUST60,PROD54,2025-02-02,3,87.72,0.04,REP16,Shipped,252.63359999999997,2025-02,35.088
ORD000278,CUST5,PROD27,2024-10-27,9,441.63,0.1,REP6,Shipped,3577.203,2024-10,176.65200000000002
ORD000279,CUST251,PROD99,2025-03-21,5,437.2,0.14,REP13,Pending,1879.96,2025-03,174.88
ORD000280,CUST289,PROD20,2025-03-10,8,24.33,0.22,REP11,Delivered,151.8192,2025-03,9.732
ORD000281,CUST208,PROD51,2025-05-18,1,414.65,0.2,REP20,Shipped,331.72,2025-05,165.86
ORD000282,CUST297,PROD74,2025-08-15,5,73.15,0.19,REP18,Shipped,296.2575,2025-08,29.260000000000005
ORD000283,CUST34,PROD61,2025-02-13,3,174.21,0.11,REP18,Cancelled,465.1407,2025-02,69.68400000000001
ORD000284,CUST228,PROD62,2025-01-12,1,374.32,0.25,REP12,Pending,280.74,2025-01,149.728
ORD000285,CUST8,PROD70,2025-07-27,4,88.77,0.14,REP18,Delivered,305.36879999999996,2025-07,35.508
ORD000286,CUST43,PROD76,2025-01-27,5,410.8,0.29,REP10,Shipped,1458.34,2025-01,164.32000000000002
ORD000287,CUST235,PROD12,2025-01-26,7,417.75,0.19,REP3,Pending,2368.6425000000004,2025-01,167.10000000000002
ORD000288,CUST32,PROD13,2025-01-02,1,258.66,0.04,REP6,Shipped,248.3136,2025-01,103.46400000000001
ORD000289,CUST240,PROD89,2025-01-22,3,13.13,0.2,REP13,Shipped,31.512,2025-01,5.252000000000001
ORD000290,CUST120,PROD54,2025-06-23,2,150.65,0.1,REP11,Cancelled,271.17,2025-06,60.260000000000005
ORD000291,CUST217,PROD71,2025-05-30,9,312.29,0.21,REP8,Pending,2220.3819000000003,2025-05,124.91600000000001
ORD000292,CUST202,PROD10,2025-04-10,6,490.78,0.02,REP7,Shipped,2885.7864,2025-04,196.312
ORD000293,CUST1,PROD70,2025-04-08,3,319.59,0.05,REP18,Cancelled,910.8314999999999,2025-04,127.836
ORD000294,CUST196,PROD98,2025-02-22,8,137.3,0.26,REP15,Pending,812.816,2025-02,54.92000000000001
ORD000295,CUST151,PROD77,2024-11-11,8,320.66,0.07,REP4,Delivered,2385.7104,2024-11,128.264
ORD000296,CUST82,PROD62,2025-03-28,2,274.59,0.25,REP1,Cancelled,411.885,2025-03,109.836
ORD000297,CUST202,PROD5,2025-04-27,6,392.12,0.08,REP19,Pending,2164.5024000000003,2025-04,156.848
ORD000298,CUST62,PROD86,2025-06-23,7,62.42,0.19,REP10,Delivered,353.9214,2025-06,24.968000000000004
ORD000299,CUST194,PROD5,2025-07-21,2,382.9,0.21,REP2,Pending,604.982,2025-07,153.16
ORD000300,CUST294,PROD32,2025-06-12,2,275.22,0.15,REP13,Shipped,467.874,2025-06,110.08800000000002
ORD000301,CUST78,PROD65,2024-12-23,1,481.87,0.09,REP6,Cancelled,438.5017,2024-12,192.74800000000002
ORD000302,CUST14,PROD20,2025-01-07,8,177.52,0.06,REP6,Cancelled,1334.9504,2025-01,71.00800000000001
ORD000303,CUST78,PROD31,2025-02-07,1,319.98,0.01,REP7,Pending,316.78020000000004,2025-02,127.99200000000002
ORD000304,CUST47,PROD25,2025-02-21,9,466.69,0.09,REP10,Shipped,3822.1911,2025-02,186.67600000000002
ORD000305,CUST235,PROD31,2025-03-09,6,60.23,0.2,REP14,Pending,289.104,2025-03,24.092
ORD000306,CUST178,PROD64,2025-01-23,7,469.24,0.28,REP13,Delivered,2364.9696,2025-01,187.69600000000003
ORD000307,CUST237,PROD59,2025-03-06,7,347.06,0.26,REP6,Pending,1797.7708,2025-03,138.824
ORD000308,CUST212,PROD40,2025-04-09,3,43.24,0.23,REP16,Shipped,99.8844,2025-04,17.296000000000003
ORD000309,CUST174,PROD44,2025-04-21,2,157.47,0.24,REP9,Cancelled,239.3544,2025-04,62.988
ORD000310,CUST288,PROD62,2025-07-01,9,357.0,0.2,REP8,Delivered,2570.4,2025-07,142.8
ORD000311,CUST243,PROD89,2025-05-08,8,43.0,0.08,REP9,Delivered,316.48,2025-05,17.2
ORD000312,CUST203,PROD83,2025-04-07,7,295.26,0.27,REP7,Delivered,1508.7785999999996,2025-04,118.104
ORD000313,CUST28,PROD92,2025-09-13,9,179.48,0.2,REP19,Pending,1292.256,2025-09,71.792
ORD000314,CUST181,PROD35,2024-11-05,4,314.25,0.17,REP15,Cancelled,1043.31,2024-11,125.7
ORD000315,CUST85,PROD71,2025-07-14,4,32.41,0.03,REP16,Shipped,125.75079999999998,2025-07,12.963999999999999
ORD000316,CUST266,PROD58,2024-11-08,1,437.05,0.13,REP19,Pending,380.2335,2024-11,174.82000000000002
ORD000317,CUST212,PROD23,2025-09-10,8,487.01,0.14,REP10,Shipped,3350.6288,2025-09,194.804
ORD000318,CUST207,PROD88,2025-07-31,3,484.75,0.26,REP19,Shipped,1076.145,2025-07,193.9
ORD000319,CUST157,PROD5,2025-06-25,7,377.33,0.16,REP12,Shipped,2218.7003999999997,2025-06,150.932
ORD000320,CUST231,PROD74,2025-01-04,2,73.74,0.11,REP10,Pending,131.25719999999998,2025-01,29.496
ORD000321,CUST97,PROD56,2025-04-24,2,381.55,0.29,REP6,Pending,541.801,2025-04,152.62
ORD000322,CUST99,PROD16,2025-04-19,7,22.05,0.03,REP5,Delivered,149.71949999999998,2025-04,8.82
ORD000323,CUST247,PROD46,2025-01-24,6,20.84,0.13,REP5,Delivered,108.78479999999999,2025-01,8.336
ORD000324,CUST147,PROD95,2025-05-23,3,168.57,0.01,REP2,Pending,500.6529,2025-05,67.428
ORD000325,CUST229,PROD6,2025-07-24,9,249.44,0.22,REP15,Delivered,1751.0688,2025-07,99.77600000000001
ORD000326,CUST78,PROD2,2024-10-13,6,387.5,0.28,REP7,Cancelled,1674.0,2024-10,155.0
ORD000327,CUST167,PROD61,2025-08-19,6,344.81,0.08,REP15,Shipped,1903.3512000000003,2025-08,137.924
ORD000328,CUST15,PROD80,2025-01-10,1,228.49,0.26,REP17,Cancelled,169.0826,2025-01,91.39600000000002
ORD000329,CUST161,PROD23,2025-02-28,4,144.08,0.09,REP9,Shipped,524.4512000000001,2025-02,57.632000000000005
ORD000330,CUST264,PROD39,2025-03-21,6,498.59,0.27,REP16,Shipped,2183.8242,2025-03,199.436
ORD000331,CUST76,PROD70,2025-06-28,6,218.83,0.23,REP5,Pending,1010.9946,2025-06,87.53200000000001
ORD000332,CUST54,PROD28,2024-10-24,5,231.18,0.24,REP20,Pending,878.484,2024-10,92.47200000000001
ORD000333,CUST53,PROD95,2025-07-28,1,90.18,0.01,REP17,Delivered,89.27820000000001,2025-07,36.072
ORD000334,CUST254,PROD84,2024-11-16,8,399.46,0.29,REP19,Cancelled,2268.9327999999996,2024-11,159.784
ORD000335,CUST232,PROD27,2024-11-28,5,349.9,0.22,REP6,Delivered,1364.6100000000001,2024-11,139.96
ORD000336,CUST250,PROD81,2025-01-18,5,118.18,0.09,REP16,Pending,537.719,2025-01,47.272000000000006
ORD000337,CUST238,PROD27,2025-04-07,7,50.37,0.25,REP13,Shipped,264.4425,2025-04,20.148
ORD000338,CUST85,PROD98,2025-02-27,4,343.44,0.08,REP4,Shipped,1263.8592,2025-02,137.376
ORD000339,CUST7,PROD28,2025-05-16,6,330.71,0.26,REP18,Delivered,1468.3523999999998,2025-05,132.284
ORD000340,CUST203,PROD79,2024-11-13,4,143.9,0.03,REP20,Shipped,558.332,2024-11,57.56
ORD000341,CUST96,PROD74,2025-07-30,3,475.92,0.21,REP17,Shipped,1127.9304,2025-07,190.36800000000002
ORD000342,CUST275,PROD81,2025-03-25,7,84.02,0.16,REP7,Shipped,494.0376,2025-03,33.608
ORD000343,CUST260,PROD69,2025-03-29,8,221.84,0.03,REP17,Delivered,1721.4784,2025-03,88.736
ORD000344,CUST226,PROD83,2025-03-12,4,472.37,0.07,REP1,Pending,1757.2163999999998,2025-03,188.948
ORD000345,CUST49,PROD39,2025-05-29,2,215.67,0.0,REP8,Delivered,431.34,2025-05,86.268
ORD000346,CUST48,PROD67,2024-11-11,3,322.88,0.14,REP6,Delivered,833.0304,2024-11,129.15200000000002
ORD000347,CUST193,PROD18,2025-09-10,1,204.82,0.09,REP5,Shipped,186.3862,2025-09,81.928
ORD000348,CUST176,PROD56,2024-11-28,8,144.37,0.18,REP17,Shipped,947.0672000000001,2024-11,57.748000000000005
ORD000349,CUST22,PROD19,2025-09-09,3,492.15,0.09,REP12,Pending,1343.5694999999998,2025-09,196.86
ORD000350,CUST103,PROD77,2025-06-27,7,210.57,0.09,REP20,Cancelled,1341.3309000000002,2025-06,84.22800000000001
ORD000351,CUST211,PROD8,2025-06-13,5,448.11,0.22,REP10,Cancelled,1747.6290000000001,2025-06,179.24400000000003
ORD000352,CUST156,PROD57,2025-05-03,5,122.68,0.01,REP18,Cancelled,607.2660000000001,2025-05,49.072
ORD000353,CUST167,PROD98,2025-01-07,7,114.42,0.27,REP18,Cancelled,584.6862,2025-01,45.768
ORD000354,CUST213,PROD42,2025-02-26,9,25.26,0.26,REP6,Pending,168.23160000000001,2025-02,10.104000000000001
ORD000355,CUST272,PROD57,2025-05-31,5,329.32,0.2,REP10,Cancelled,1317.28,2025-05,131.728
ORD000356,CUST234,PROD56,2024-11-20,1,190.58,0.18,REP1,Cancelled,156.27560000000003,2024-11,76.23200000000001
ORD000357,CUST111,PROD51,2025-03-08,1,433.54,0.27,REP2,Pending,316.4842,2025-03,173.41600000000003
ORD000358,CUST180,PROD62,2025-08-22,2,241.87,0.06,REP2,Delivered,454.7156,2025-08,96.748
ORD000359,CUST274,PROD92,2024-10-18,6,484.41,0.02,REP16,Delivered,2848.3308,2024-10,193.764
ORD000360,CUST272,PROD6,2025-08-13,9,100.91,0.07,REP14,Pending,844.6166999999999,2025-08,40.364000000000004
ORD000361,CUST257,PROD18,2025-02-13,8,435.63,0.24,REP7,Pending,2648.6304,2025-02,174.252
ORD000362,CUST59,PROD53,2024-09-21,5,390.53,0.01,REP16,Cancelled,1933.1235,2024-09,156.212
ORD000363,CUST98,PROD64,2024-11-11,1,387.75,0.17,REP4,Delivered,321.8325,2024-11,155.10000000000002
ORD000364,CUST232,PROD58,2025-07-08,7,423.94,0.3,REP7,Shipped,2077.306,2025-07,169.57600000000002
ORD000365,CUST164,PROD26,2025-04-04,5,382.9,0.26,REP8,Pending,1416.73,2025-04,153.16
ORD000366,CUST292,PROD36,2024-12-24,6,316.85,0.16,REP6,Cancelled,1596.924,2024-12,126.74000000000001
ORD000367,CUST81,PROD43,2025-04-23,7,74.31,0.02,REP13,Cancelled,509.76660000000004,2025-04,29.724000000000004
ORD000368,CUST135,PROD14,2025-01-31,3,25.94,0.25,REP14,Pending,58.36500000000001,2025-01,10.376000000000001
ORD000369,CUST297,PROD3,2025-08-08,3,461.22,0.18,REP17,Pending,1134.6012,2025-08,184.48800000000003
ORD000370,CUST43,PROD84,2024-12-09,5,312.16,0.03,REP19,Shipped,1513.976,2024-12,124.86400000000002
ORD000371,CUST77,PROD99,2025-06-19,6,400.3,0.03,REP7,Cancelled,2329.746,2025-06,160.12
ORD000372,CUST130,PROD49,2024-10-03,9,245.95,0.27,REP1,Pending,1615.8914999999997,2024-10,98.38
ORD000373,CUST193,PROD62,2025-08-23,5,67.48,0.2,REP13,Pending,269.92,2025-08,26.992000000000004
ORD000374,CUST112,PROD11,2025-08-23,1,71.34,0.25,REP15,Cancelled,53.505,2025-08,28.536
ORD000375,CUST127,PROD89,2025-03-13,4,345.93,0.26,REP6,Cancelled,1023.9528,2025-03,138.372
ORD000376,CUST173,PROD27,2025-09-15,5,220.85,0.17,REP6,Delivered,916.5274999999999,2025-09,88.34
ORD000377,CUST216,PROD7,2024-10-06,5,108.26,0.16,REP4,Shipped,454.69200000000006,2024-10,43.304
ORD000378,CUST25,PROD36,2025-03-09,7,250.88,0.13,REP8,Delivered,1527.8591999999999,2025-03,100.352
ORD000379,CUST51,PROD24,2024-09-25,4,41.46,0.1,REP13,Pending,149.256,2024-09,16.584
ORD000380,CUST125,PROD28,2025-01-17,1,295.17,0.13,REP17,Cancelled,256.7979,2025-01,118.06800000000001
ORD000381,CUST28,PROD73,2025-03-24,5,141.81,0.23,REP7,Cancelled,545.9685,2025-03,56.724000000000004
ORD000382,CUST126,PROD14,2025-04-27,7,400.8,0.18,REP12,Delivered,2300.592,2025-04,160.32000000000002
ORD000383,CUST215,PROD74,2024-11-24,6,162.08,0.27,REP4,Delivered,709.9104,2024-11,64.83200000000001
ORD000384,CUST195,PROD1,2025-06-13,5,233.06,0.13,REP16,Pending,1013.8109999999999,2025-06,93.224
ORD000385,CUST116,PROD79,2025-01-13,4,15.69,0.18,REP1,Pending,51.4632,2025-01,6.276
ORD000386,CUST106,PROD22,2024-09-24,2,45.5,0.19,REP15,Pending,73.71000000000001,2024-09,18.2
ORD000387,CUST69,PROD71,2025-07-11,4,202.32,0.18,REP6,Cancelled,663.6096,2025-07,80.928
ORD000388,CUST296,PROD24,2024-10-17,3,245.17,0.21,REP3,Pending,581.0529,2024-10,98.068
ORD000389,CUST91,PROD72,2025-03-09,1,304.01,0.07,REP14,Delivered,282.72929999999997,2025-03,121.604
ORD000390,CUST187,PROD23,2025-01-11,8,152.91,0.15,REP19,Delivered,1039.788,2025-01,61.164
ORD000391,CUST47,PROD82,2025-02-20,5,350.54,0.03,REP12,Delivered,1700.119,2025-02,140.216
ORD000392,CUST177,PROD55,2025-06-07,4,431.46,0.12,REP18,Delivered,1518.7392,2025-06,172.584
ORD000393,CUST142,PROD29,2024-09-25,8,392.13,0.15,REP2,Cancelled,2666.484,2024-09,156.852
ORD000394,CUST199,PROD49,2025-03-13,7,29.41,0.2,REP9,Shipped,164.69600000000003,2025-03,11.764000000000001
ORD000395,CUST8,PROD51,2024-09-20,2,245.45,0.29,REP11,Shipped,348.539,2024-09,98.18
ORD000396,CUST144,PROD78,2025-07-06,1,61.42,0.18,REP4,Delivered,50.3644,2025-07,24.568
ORD000397,CUST195,PROD4,2025-02-19,4,128.6,0.22,REP20,Delivered,401.23199999999997,2025-02,51.44
ORD000398,CUST72,PROD24,2025-04-18,8,493.46,0.15,REP17,Shipped,3355.528,2025-04,197.38400000000001
ORD000399,CUST108,PROD65,2025-09-07,2,79.82,0.19,REP8,Shipped,129.3084,2025-09,31.927999999999997
ORD000400,CUST74,PROD4,2024-11-26,3,254.46,0.02,REP17,Delivered,748.1124,2024-11,101.784
ORD000401,CUST126,PROD18,2025-03-14,1,312.9,0.08,REP19,Cancelled,287.868,2025-03,125.16
ORD000402,CUST217,PROD86,2025-07-31,1,354.21,0.11,REP6,Pending,315.2469,2025-07,141.684
ORD000403,CUST152,PROD79,2025-05-26,3,284.23,0.14,REP7,Shipped,733.3134,2025-05,113.69200000000001
ORD000404,CUST59,PROD87,2025-01-06,5,14.79,0.01,REP2,Delivered,73.21049999999998,2025-01,5.916
ORD000405,CUST47,PROD24,2025-02-10,3,169.97,0.04,REP1,Pending,489.51359999999994,2025-02,67.988
ORD000406,CUST125,PROD97,2025-09-07,1,263.68,0.08,REP7,Cancelled,242.58560000000003,2025-09,105.47200000000001
ORD000407,CUST93,PROD33,2025-03-14,1,53.05,0.29,REP18,Cancelled,37.665499999999994,2025-03,21.22
ORD000408,CUST37,PROD22,2025-06-20,8,181.81,0.1,REP8,Delivered,1309.0320000000002,2025-06,72.724
ORD000409,CUST21,PROD63,2025-08-29,2,26.27,0.14,REP10,Delivered,45.1844,2025-08,10.508000000000001
ORD000410,CUST189,PROD88,2025-01-03,3,48.5,0.06,REP14,Shipped,136.76999999999998,2025-01,19.400000000000002
ORD000411,CUST252,PROD12,2025-04-09,2,204.49,0.18,REP2,Shipped,335.3636,2025-04,81.796
ORD000412,CUST294,PROD80,2024-12-28,3,75.03,0.08,REP14,Delivered,207.08280000000002,2024-12,30.012
ORD000413,CUST285,PROD42,2025-07-31,7,288.1,0.06,REP16,Pending,1895.698,2025-07,115.24000000000001
ORD000414,CUST243,PROD8,2025-09-09,1,347.84,0.15,REP3,Pending,295.664,2025-09,139.136
ORD000415,CUST184,PROD30,2025-01-14,8,402.29,0.0,REP3,Delivered,3218.32,2025-01,160.91600000000003
ORD000416,CUST137,PROD42,2025-04-18,2,108.07,0.0,REP18,Delivered,216.14,2025-04,43.228
ORD000417,CUST180,PROD92,2025-01-27,3,92.07,0.07,REP9,Delivered,256.8753,2025-01,36.827999999999996
ORD000418,CUST127,PROD37,2024-12-20,9,61.24,0.01,REP9,Pending,545.6483999999999,2024-12,24.496000000000002
ORD000419,CUST290,PROD27,2024-12-16,7,321.85,0.03,REP6,Delivered,2185.3615,2024-12,128.74
ORD000420,CUST150,PROD26,2024-10-21,4,356.17,0.1,REP10,Shipped,1282.212,2024-10,142.46800000000002
ORD000421,CUST142,PROD41,2024-11-01,5,25.48,0.24,REP14,Cancelled,96.82400000000001,2024-11,10.192
ORD000422,CUST278,PROD95,2024-12-05,2,468.74,0.17,REP6,Pending,778.1084,2024-12,187.496
ORD000423,CUST250,PROD78,2025-04-19,8,35.47,0.15,REP16,Delivered,241.196,2025-04,14.188
ORD000424,CUST145,PROD5,2025-08-29,4,275.24,0.09,REP2,Shipped,1001.8736000000001,2025-08,110.096
ORD000425,CUST249,PROD85,2025-06-18,9,357.44,0.28,REP18,Cancelled,2316.2111999999997,2025-06,142.976
ORD000426,CUST276,PROD15,2025-04-16,5,436.77,0.12,REP5,Pending,1921.788,2025-04,174.708
ORD000427,CUST290,PROD35,2025-07-18,9,359.9,0.03,REP2,Delivered,3141.9269999999997,2025-07,143.96
ORD000428,CUST235,PROD50,2024-10-23,4,402.85,0.19,REP18,Shipped,1305.2340000000002,2024-10,161.14000000000001
ORD000429,CUST276,PROD37,2025-05-22,5,176.33,0.03,REP19,Shipped,855.2005,2025-05,70.53200000000001
ORD000430,CUST14,PROD56,2024-10-12,9,409.26,0.1,REP17,Shipped,3315.0060000000003,2024-10,163.704
ORD000431,CUST30,PROD58,2025-07-10,8,49.26,0.15,REP15,Cancelled,334.96799999999996,2025-07,19.704
ORD000432,CUST138,PROD45,2024-09-28,3,448.46,0.26,REP12,Shipped,995.5811999999999,2024-09,179.38400000000001
ORD000433,CUST169,PROD57,2024-10-09,1,278.32,0.15,REP10,Delivered,236.57199999999997,2024-10,111.328
ORD000434,CUST286,PROD93,2024-11-30,3,410.48,0.21,REP4,Pending,972.8376000000001,2024-11,164.192
ORD000435,CUST125,PROD55,2024-10-31,4,231.64,0.3,REP3,Cancelled,648.5919999999999,2024-10,92.656
ORD000436,CUST145,PROD71,2025-07-08,2,325.35,0.04,REP8,Cancelled,624.672,2025-07,130.14000000000001
ORD000437,CUST122,PROD12,2024-10-01,1,267.94,0.08,REP7,Delivered,246.50480000000002,2024-10,107.176
ORD000438,CUST208,PROD43,2025-08-29,7,368.48,0.12,REP16,Delivered,2269.8368,2025-08,147.39200000000002
ORD000439,CUST25,PROD67,2024-09-26,8,50.0,0.13,REP19,Cancelled,348.0,2024-09,20.0
ORD000440,CUST280,PROD26,2025-05-08,7,39.57,0.12,REP13,Shipped,243.7512,2025-05,15.828000000000001
ORD000441,CUST194,PROD90,2024-12-18,5,131.08,0.27,REP15,Delivered,478.44200000000006,2024-12,52.43200000000001
ORD000442,CUST286,PROD46,2024-09-23,1,88.18,0.21,REP12,Pending,69.66220000000001,2024-09,35.272000000000006
ORD000443,CUST33,PROD27,2025-05-02,7,437.17,0.18,REP7,Pending,2509.3558000000003,2025-05,174.86800000000002
ORD000444,CUST119,PROD81,2025-05-18,7,117.41,0.09,REP7,Shipped,747.9017,2025-05,46.964
ORD000445,CUST139,PROD98,2024-11-04,9,488.17,0.25,REP7,Delivered,3295.1475,2024-11,195.26800000000003
ORD000446,CUST216,PROD58,2024-11-11,3,175.08,0.29,REP8,Delivered,372.9204,2024-11,70.03200000000001
ORD000447,CUST25,PROD91,2025-03-07,9,99.24,0.25,REP5,Pending,669.87,2025-03,39.696
ORD000448,CUST164,PROD74,2025-07-19,1,396.95,0.0,REP11,Pending,396.95,2025-07,158.78
ORD000449,CUST246,PROD51,2024-11-03,1,332.77,0.19,REP13,Shipped,269.5437,2024-11,133.108
ORD000450,CUST88,PROD97,2024-11-19,4,254.12,0.02,REP18,Pending,996.1504,2024-11,101.64800000000001
ORD000451,CUST151,PROD70,2025-08-26,9,282.13,0.08,REP16,Pending,2336.0364,2025-08,112.852
ORD000452,CUST31,PROD7,2025-02-27,6,362.41,0.02,REP11,Delivered,2130.9708,2025-02,144.96400000000003
ORD000453,CUST18,PROD70,2025-01-16,3,121.94,0.18,REP13,Cancelled,299.9724,2025-01,48.776
ORD000454,CUST127,PROD72,2025-05-22,1,498.2,0.21,REP11,Cancelled,393.57800000000003,2025-05,199.28
ORD000455,CUST225,PROD51,2025-07-04,4,487.65,0.03,REP17,Delivered,1892.0819999999999,2025-07,195.06
ORD000456,CUST110,PROD20,2025-07-21,9,328.66,0.12,REP13,Cancelled,2602.9872,2025-07,131.46400000000003
ORD000457,CUST99,PROD49,2024-11-09,3,107.78,0.14,REP6,Cancelled,278.0724,2024-11,43.112
ORD000458,CUST133,PROD50,2025-02-26,9,343.31,0.11,REP12,Pending,2749.9131,2025-02,137.324
ORD000459,CUST28,PROD90,2025-08-26,7,45.38,0.04,REP2,Delivered,304.9536,2025-08,18.152
ORD000460,CUST189,PROD12,2025-08-27,4,25.02,0.13,REP2,Shipped,87.0696,2025-08,10.008000000000001
ORD000461,CUST11,PROD67,2024-11-26,3,136.26,0.23,REP18,Pending,314.7606,2024-11,54.504
ORD000462,CUST89,PROD65,2025-06-13,5,236.69,0.02,REP19,Shipped,1159.781,2025-06,94.676
ORD000463,CUST95,PROD94,2024-10-03,5,435.45,0.02,REP5,Shipped,2133.705,2024-10,174.18
ORD000464,CUST50,PROD93,2025-07-05,3,366.31,0.11,REP8,Cancelled,978.0477000000001,2025-07,146.524
ORD000465,CUST294,PROD1,2025-07-10,9,373.93,0.28,REP5,Pending,2423.0663999999997,2025-07,149.572
ORD000466,CUST199,PROD11,2025-09-07,4,218.49,0.2,REP20,Shipped,699.1680000000001,2025-09,87.39600000000002
ORD000467,CUST239,PROD13,2025-08-20,5,179.51,0.2,REP12,Delivered,718.04,2025-08,71.804
ORD000468,CUST230,PROD8,2025-01-08,4,191.81,0.11,REP10,Shipped,682.8436,2025-01,76.724
ORD000469,CUST275,PROD39,2025-04-04,5,493.95,0.18,REP18,Cancelled,2025.1950000000002,2025-04,197.58
ORD000470,CUST282,PROD45,2024-09-16,7,29.65,0.0,REP16,Cancelled,207.54999999999998,2024-09,11.86
ORD000471,CUST136,PROD83,2025-05-31,9,434.85,0.19,REP13,Pending,3170.0565,2025-05,173.94000000000003
ORD000472,CUST18,PROD58,2025-07-27,7,293.55,0.27,REP20,Cancelled,1500.0404999999998,2025-07,117.42000000000002
ORD000473,CUST266,PROD77,2024-11-01,5,224.92,0.18,REP20,Pending,922.172,2024-11,89.968
ORD000474,CUST199,PROD98,2025-03-01,7,365.38,0.26,REP10,Delivered,1892.6683999999998,2025-03,146.15200000000002
ORD000475,CUST33,PROD88,2025-04-20,5,248.47,0.22,REP4,Pending,969.033,2025-04,99.388
ORD000476,CUST173,PROD25,2025-04-13,3,437.98,0.04,REP1,Pending,1261.3824,2025-04,175.192
ORD000477,CUST96,PROD14,2025-01-16,7,451.34,0.27,REP5,Cancelled,2306.3473999999997,2025-01,180.536
ORD000478,CUST32,PROD61,2025-01-01,2,216.64,0.02,REP11,Shipped,424.6144,2025-01,86.656
ORD000479,CUST225,PROD94,2025-08-19,9,145.65,0.16,REP1,Cancelled,1101.114,2025-08,58.260000000000005
ORD000480,CUST166,PROD43,2025-01-07,1,300.25,0.04,REP3,Cancelled,288.24,2025-01,120.10000000000001
ORD000481,CUST177,PROD85,2025-05-16,6,457.06,0.0,REP6,Cancelled,2742.36,2025-05,182.824
ORD000482,CUST138,PROD67,2024-09-18,7,113.22,0.13,REP16,Shipped,689.5097999999999,2024-09,45.288000000000004
ORD000483,CUST158,PROD12,2025-08-10,8,315.25,0.09,REP19,Shipped,2295.02,2025-08,126.10000000000001
ORD000484,CUST243,PROD68,2025-05-26,9,319.46,0.15,REP16,Cancelled,2443.8689999999997,2025-05,127.78399999999999
ORD000485,CUST282,PROD36,2025-06-07,2,369.23,0.17,REP1,Cancelled,612.9218,2025-06,147.692
ORD000486,CUST85,PROD3,2025-05-20,2,74.47,0.01,REP4,Shipped,147.4506,2025-05,29.788
ORD000487,CUST291,PROD42,2024-10-08,5,360.75,0.04,REP11,Delivered,1731.6,2024-10,144.3
ORD000488,CUST15,PROD77,2024-11-01,5,455.43,0.17,REP4,Cancelled,1890.0345,2024-11,182.17200000000003
ORD000489,CUST279,PROD96,2025-01-09,6,98.04,0.1,REP16,Cancelled,529.416,2025-01,39.21600000000001
ORD000490,CUST281,PROD33,2025-01-13,3,126.4,0.22,REP12,Delivered,295.77600000000007,2025-01,50.56
ORD000491,CUST154,PROD47,2025-04-16,8,485.98,0.2,REP18,Shipped,3110.2720000000004,2025-04,194.39200000000002
ORD000492,CUST54,PROD58,2025-08-01,1,98.68,0.25,REP3,Delivered,74.01,2025-08,39.47200000000001
ORD000493,CUST80,PROD11,2025-04-08,6,428.65,0.21,REP7,Pending,2031.8009999999997,2025-04,171.46
ORD000494,CUST58,PROD80,2025-03-10,4,251.22,0.13,REP4,Delivered,874.2456,2025-03,100.488
ORD000495,CUST180,PROD6,2024-10-12,1,131.14,0.2,REP20,Shipped,104.91199999999999,2024-10,52.455999999999996
ORD000496,CUST47,PROD73,2025-06-23,7,436.67,0.08,REP2,Delivered,2812.1548000000003,2025-06,174.668
ORD000497,CUST227,PROD23,2025-03-18,9,228.2,0.09,REP11,Delivered,1868.9579999999999,2025-03,91.28
ORD000498,CUST22,PROD100,2024-10-28,4,262.26,0.24,REP15,Delivered,797.2704,2024-10,104.904
ORD000499,CUST280,PROD54,2025-01-12,4,186.02,0.13,REP2,Cancelled,647.3496,2025-01,74.408
ORD000500,CUST43,PROD11,2025-02-24,6,300.55,0.24,REP19,Pending,1370.5080000000003,2025-02,120.22000000000001
ORD000501,CUST245,PROD65,2024-12-09,3,90.13,0.25,REP17,Pending,202.7925,2024-12,36.052
ORD000502,CUST61,PROD30,2025-06-17,6,201.63,0.26,REP4,Delivered,895.2371999999999,2025-06,80.652
ORD000503,CUST132,PROD4,2025-03-12,7,485.01,0.27,REP8,Cancelled,2478.4010999999996,2025-03,194.00400000000002
ORD000504,CUST280,PROD99,2025-09-15,3,136.49,0.13,REP13,Shipped,356.2389,2025-09,54.596000000000004
ORD000505,CUST46,PROD36,2025-03-20,7,331.8,0.1,REP9,Shipped,2090.34,2025-03,132.72
ORD000506,CUST182,PROD77,2024-12-12,3,169.34,0.17,REP6,Delivered,421.65659999999997,2024-12,67.736
ORD000507,CUST223,PROD1,2024-10-01,2,389.0,0.11,REP13,Shipped,692.42,2024-10,155.60000000000002
ORD000508,CUST21,PROD58,2025-07-18,4,74.13,0.18,REP20,Pending,243.1464,2025-07,29.652
ORD000509,CUST163,PROD29,2025-01-25,8,485.21,0.21,REP18,Pending,3066.5272,2025-01,194.084
ORD000510,CUST98,PROD84,2025-09-03,9,232.36,0.21,REP17,Shipped,1652.0796000000003,2025-09,92.94400000000002
ORD000511,CUST129,PROD33,2024-11-18,7,125.66,0.11,REP13,Shipped,782.8618,2024-11,50.264
ORD000512,CUST100,PROD17,2025-07-01,1,46.01,0.05,REP7,Shipped,43.7095,2025-07,18.404
ORD000513,CUST194,PROD81,2025-09-03,3,93.18,0.13,REP14,Pending,243.1998,2025-09,37.272000000000006
ORD000514,CUST55,PROD95,2024-11-02,9,264.69,0.04,REP6,Cancelled,2286.9216,2024-11,105.876
ORD000515,CUST90,PROD95,2024-10-25,1,175.13,0.27,REP5,Shipped,127.8449,2024-10,70.052
ORD000516,CUST105,PROD67,2024-10-04,9,416.15,0.1,REP1,Delivered,3370.815,2024-10,166.46
ORD000517,CUST234,PROD74,2025-01-30,8,221.13,0.05,REP3,Cancelled,1680.588,2025-01,88.452
ORD000518,CUST244,PROD47,2025-08-19,1,131.87,0.01,REP11,Shipped,130.5513,2025-08,52.748000000000005
ORD000519,CUST275,PROD99,2025-08-16,6,312.4,0.19,REP3,Cancelled,1518.264,2025-08,124.96
ORD000520,CUST22,PROD43,2025-08-10,5,356.32,0.19,REP19,Shipped,1443.096,2025-08,142.528
ORD000521,CUST123,PROD53,2025-04-19,6,91.85,0.1,REP4,Delivered,495.98999999999995,2025-04,36.74
ORD000522,CUST258,PROD72,2025-06-28,5,92.13,0.02,REP20,Delivered,451.43699999999995,2025-06,36.852
ORD000523,CUST58,PROD17,2025-05-14,6,27.97,0.12,REP18,Cancelled,147.6816,2025-05,11.188
ORD000524,CUST254,PROD4,2025-07-01,5,370.84,0.09,REP14,Pending,1687.322,2025-07,148.33599999999998
ORD000525,CUST290,PROD70,2025-06-08,5,335.26,0.2,REP9,Delivered,1341.04,2025-06,134.104
ORD000526,CUST145,PROD85,2024-11-01,4,242.57,0.18,REP19,Delivered,795.6296,2024-11,97.028
ORD000527,CUST39,PROD72,2025-04-16,3,423.64,0.11,REP2,Pending,1131.1188000000002,2025-04,169.45600000000002
ORD000528,CUST293,PROD71,2025-03-25,3,404.78,0.07,REP2,Pending,1129.3361999999997,2025-03,161.912
ORD000529,CUST268,PROD60,2025-06-10,4,296.82,0.3,REP9,Pending,831.0959999999999,2025-06,118.72800000000001
ORD000530,CUST73,PROD37,2025-01-22,9,435.45,0.14,REP3,Shipped,3370.383,2025-01,174.18
ORD000531,CUST164,PROD80,2025-01-12,2,110.86,0.21,REP9,Delivered,175.1588,2025-01,44.344
ORD000532,CUST138,PROD86,2025-08-14,9,64.84,0.04,REP13,Pending,560.2176000000001,2025-08,25.936000000000003
ORD000533,CUST219,PROD27,2025-09-07,1,142.18,0.15,REP6,Pending,120.85300000000001,2025-09,56.87200000000001
ORD000534,CUST81,PROD8,2024-10-09,1,37.97,0.01,REP8,Shipped,37.5903,2024-10,15.188
ORD000535,CUST13,PROD78,2025-04-02,5,270.27,0.15,REP18,Cancelled,1148.6474999999998,2025-04,108.108
ORD000536,CUST115,PROD58,2024-11-12,6,468.94,0.29,REP10,Pending,1997.6843999999999,2024-11,187.57600000000002
ORD000537,CUST194,PROD63,2025-06-22,6,29.28,0.12,REP10,Shipped,154.5984,2025-06,11.712000000000002
ORD000538,CUST124,PROD25,2024-11-19,3,69.83,0.01,REP13,Delivered,207.3951,2024-11,27.932000000000002
ORD000539,CUST257,PROD5,2025-01-13,7,231.58,0.01,REP5,Pending,1604.8494,2025-01,92.632
ORD000540,CUST32,PROD73,2024-11-11,9,467.6,0.12,REP11,Shipped,3703.3920000000003,2024-11,187.04000000000002
ORD000541,CUST205,PROD66,2025-01-29,8,164.92,0.05,REP4,Cancelled,1253.3919999999998,2025-01,65.968
ORD000542,CUST133,PROD35,2025-09-08,6,258.55,0.01,REP4,Pending,1535.7870000000003,2025-09,103.42000000000002
ORD000543,CUST134,PROD71,2025-01-21,8,30.37,0.23,REP14,Delivered,187.07920000000001,2025-01,12.148000000000001
ORD000544,CUST21,PROD95,2024-12-07,5,82.69,0.14,REP9,Cancelled,355.567,2024-12,33.076
ORD000545,CUST111,PROD21,2025-07-17,8,493.45,0.09,REP7,Shipped,3592.3160000000003,2025-07,197.38
ORD000546,CUST254,PROD35,2025-07-26,4,482.91,0.27,REP15,Cancelled,1410.0972,2025-07,193.16400000000002
ORD000547,CUST294,PROD64,2025-04-27,8,12.42,0.03,REP19,Cancelled,96.3792,2025-04,4.968
ORD000548,CUST37,PROD74,2025-06-19,2,476.39,0.29,REP10,Shipped,676.4738,2025-06,190.556
ORD000549,CUST124,PROD73,2024-11-08,5,323.17,0.09,REP10,Pending,1470.4235,2024-11,129.268
ORD000550,CUST253,PROD21,2025-08-26,9,435.28,0.27,REP18,Cancelled,2859.7895999999996,2025-08,174.112
ORD000551,CUST120,PROD20,2025-04-03,4,232.82,0.18,REP7,Shipped,763.6496000000001,2025-04,93.128
ORD000552,CUST200,PROD60,2025-07-02,6,262.64,0.25,REP4,Shipped,1181.8799999999999,2025-07,105.056
ORD000553,CUST294,PROD56,2024-12-17,1,249.53,0.3,REP15,Delivered,174.671,2024-12,99.81200000000001
ORD000554,CUST54,PROD95,2025-02-05,9,336.76,0.09,REP8,Pending,2758.0644,2025-02,134.704
ORD000555,CUST109,PROD59,2025-07-09,1,78.43,0.29,REP17,Shipped,55.685300000000005,2025-07,31.372000000000003
ORD000556,CUST20,PROD4,2025-01-24,5,24.69,0.12,REP9,Pending,108.63600000000001,2025-01,9.876000000000001
ORD000557,CUST211,PROD99,2025-06-15,4,160.89,0.12,REP18,Delivered,566.3327999999999,2025-06,64.356
ORD000558,CUST185,PROD71,2025-03-03,3,355.29,0.1,REP20,Pending,959.2830000000001,2025-03,142.116
ORD000559,CUST213,PROD53,2024-09-26,6,108.91,0.16,REP17,Cancelled,548.9064,2024-09,43.564
ORD000560,CUST65,PROD80,2024-09-22,2,339.98,0.05,REP11,Cancelled,645.962,2024-09,135.99200000000002
ORD000561,CUST229,PROD23,2025-02-19,3,485.26,0.17,REP9,Cancelled,1208.2974,2025-02,194.104
ORD000562,CUST153,PROD9,2024-11-30,5,56.01,0.16,REP11,Cancelled,235.242,2024-11,22.404
ORD000563,CUST228,PROD15,2024-10-07,9,339.58,0.23,REP7,Shipped,2353.2894,2024-10,135.832
ORD000564,CUST40,PROD35,2025-02-09,2,227.44,0.25,REP18,Pending,341.15999999999997,2025-02,90.976
ORD000565,CUST78,PROD49,2025-05-17,8,435.39,0.13,REP18,Pending,3030.3143999999998,2025-05,174.156
ORD000566,CUST35,PROD39,2025-06-20,2,96.8,0.09,REP11,Delivered,176.176,2025-06,38.72
ORD000567,CUST150,PROD86,2025-03-10,5,349.39,0.08,REP11,Cancelled,1607.194,2025-03,139.756
ORD000568,CUST24,PROD83,2024-11-12,7,420.68,0.06,REP1,Cancelled,2768.0744,2024-11,168.27200000000002
ORD000569,CUST290,PROD3,2024-12-09,8,472.86,0.02,REP19,Shipped,3707.2224,2024-12,189.144
ORD000570,CUST260,PROD48,2024-11-28,1,344.79,0.1,REP10,Pending,310.31100000000004,2024-11,137.91600000000003
ORD000571,CUST107,PROD22,2025-03-31,6,253.62,0.08,REP20,Delivered,1399.9824,2025-03,101.44800000000001
ORD000572,CUST90,PROD63,2025-02-28,1,312.75,0.29,REP1,Pending,222.05249999999998,2025-02,125.10000000000001
ORD000573,CUST73,PROD45,2024-11-03,2,435.76,0.17,REP2,Pending,723.3616,2024-11,174.304
ORD000574,CUST174,PROD16,2025-03-07,1,289.6,0.1,REP4,Cancelled,260.64000000000004,2025-03,115.84000000000002
ORD000575,CUST181,PROD51,2025-02-01,5,24.89,0.17,REP6,Delivered,103.2935,2025-02,9.956000000000001
ORD000576,CUST229,PROD25,2025-03-07,9,466.16,0.04,REP4,Shipped,4027.6224,2025-03,186.46400000000003
ORD000577,CUST268,PROD39,2024-10-25,6,347.87,0.13,REP11,Cancelled,1815.8814000000002,2024-10,139.148
ORD000578,CUST225,PROD67,2024-11-08,1,341.49,0.19,REP2,Pending,276.60690000000005,2024-11,136.596
ORD000579,CUST187,PROD81,2025-02-09,1,115.68,0.15,REP16,Cancelled,98.328,2025-02,46.272000000000006
ORD000580,CUST179,PROD81,2025-07-29,2,332.85,0.12,REP8,Cancelled,585.816,2025-07,133.14000000000001
ORD000581,CUST133,PROD78,2025-02-20,9,202.99,0.3,REP14,Cancelled,1278.837,2025-02,81.19600000000001
ORD000582,CUST136,PROD29,2025-05-11,3,329.1,0.26,REP16,Shipped,730.6020000000001,2025-05,131.64000000000001
ORD000583,CUST246,PROD52,2025-06-23,1,62.23,0.19,REP19,Delivered,50.4063,2025-06,24.892
ORD000584,CUST36,PROD92,2025-08-04,5,332.34,0.17,REP6,Shipped,1379.2109999999998,2025-08,132.936
ORD000585,CUST23,PROD65,2025-08-28,7,499.71,0.19,REP10,Pending,2833.3557,2025-08,199.88400000000001
ORD000586,CUST256,PROD62,2025-07-03,6,33.62,0.06,REP7,Cancelled,189.61679999999996,2025-07,13.448
ORD000587,CUST28,PROD47,2025-04-04,1,488.82,0.12,REP4,Shipped,430.1616,2025-04,195.52800000000002
ORD000588,CUST73,PROD27,2024-11-21,5,209.38,0.01,REP9,Shipped,1036.431,2024-11,83.75200000000001
ORD000589,CUST299,PROD92,2025-08-28,5,436.67,0.14,REP8,Shipped,1877.6809999999998,2025-08,174.668
ORD000590,CUST132,PROD24,2024-11-25,6,393.37,0.16,REP3,Shipped,1982.5848,2024-11,157.348
ORD000591,CUST169,PROD42,2024-11-30,3,287.84,0.07,REP10,Cancelled,803.0735999999999,2024-11,115.136
ORD000592,CUST65,PROD97,2025-05-13,5,371.84,0.29,REP13,Cancelled,1320.0319999999997,2025-05,148.736
ORD000593,CUST204,PROD32,2024-10-11,7,440.47,0.27,REP3,Shipped,2250.8017,2024-10,176.18800000000002
ORD000594,CUST217,PROD41,2025-08-18,5,208.03,0.22,REP17,Pending,811.3170000000001,2025-08,83.212
ORD000595,CUST116,PROD94,2025-07-28,5,170.25,0.16,REP14,Cancelled,715.05,2025-07,68.10000000000001
ORD000596,CUST76,PROD68,2025-04-25,5,337.12,0.26,REP1,Shipped,1247.3439999999998,2025-04,134.848
ORD000597,CUST225,PROD88,2024-11-21,3,405.84,0.04,REP8,Shipped,1168.8192,2024-11,162.336
ORD000598,CUST218,PROD27,2025-09-05,1,383.52,0.24,REP2,Cancelled,291.4752,2025-09,153.408
ORD000599,CUST16,PROD79,2024-12-03,5,400.93,0.04,REP1,Pending,1924.464,2024-12,160.372
ORD000600,CUST86,PROD24,2025-06-03,9,223.44,0.24,REP9,Delivered,1528.3296,2025-06,89.376
ORD000601,CUST80,PROD53,2024-10-22,1,410.74,0.08,REP8,Pending,377.8808,2024-10,164.29600000000002
ORD000602,CUST256,PROD58,2024-09-28,3,68.9,0.26,REP10,Cancelled,152.958,2024-09,27.560000000000002
ORD000603,CUST25,PROD11,2025-06-21,4,276.8,0.28,REP13,Cancelled,797.184,2025-06,110.72000000000001
ORD000604,CUST274,PROD29,2025-06-02,1,12.82,0.04,REP5,Cancelled,12.3072,2025-06,5.128
ORD000605,CUST264,PROD60,2025-06-20,1,169.05,0.14,REP12,Pending,145.383,2025-06,67.62
ORD000606,CUST274,PROD10,2025-02-01,8,189.57,0.29,REP11,Delivered,1076.7576,2025-02,75.828
ORD000607,CUST75,PROD18,2025-06-21,2,204.12,0.15,REP3,Pending,347.004,2025-06,81.64800000000001
ORD000608,CUST205,PROD20,2025-03-01,8,350.78,0.26,REP6,Delivered,2076.6176,2025-03,140.31199999999998
ORD000609,CUST160,PROD26,2024-09-30,7,200.39,0.18,REP10,Delivered,1150.2386000000001,2024-09,80.156
ORD000610,CUST69,PROD50,2025-05-25,2,229.86,0.11,REP14,Delivered,409.1508,2025-05,91.94400000000002
ORD000611,CUST243,PROD4,2025-07-26,6,126.4,0.09,REP12,Delivered,690.1440000000001,2025-07,50.56
ORD000612,CUST273,PROD29,2024-12-31,6,192.89,0.06,REP16,Cancelled,1087.8996,2024-12,77.156
ORD000613,CUST272,PROD64,2024-11-30,3,121.36,0.23,REP9,Delivered,280.34159999999997,2024-11,48.544000000000004
ORD000614,CUST99,PROD53,2024-10-20,2,45.87,0.12,REP9,Pending,80.7312,2024-10,18.348
ORD000615,CUST229,PROD30,2025-02-03,1,305.69,0.15,REP18,Shipped,259.8365,2025-02,122.27600000000001
ORD000616,CUST186,PROD71,2025-03-30,6,337.42,0.15,REP20,Pending,1720.8419999999999,2025-03,134.96800000000002
ORD000617,CUST255,PROD20,2025-02-18,5,313.55,0.17,REP11,Shipped,1301.2324999999998,2025-02,125.42000000000002
ORD000618,CUST5,PROD21,2025-08-21,9,237.11,0.26,REP5,Pending,1579.1526000000001,2025-08,94.84400000000001
ORD000619,CUST196,PROD6,2025-04-30,1,196.1,0.29,REP1,Delivered,139.231,2025-04,78.44
ORD000620,CUST20,PROD56,2025-05-21,7,433.03,0.12,REP15,Delivered,2667.4648,2025-05,173.212
ORD000621,CUST186,PROD73,2024-10-13,5,264.35,0.25,REP10,Pending,991.3125,2024-10,105.74000000000001
ORD000622,CUST139,PROD53,2025-08-19,5,244.8,0.23,REP8,Cancelled,942.48,2025-08,97.92000000000002
ORD000623,CUST232,PROD89,2025-02-19,2,22.56,0.17,REP19,Shipped,37.4496,2025-02,9.024
ORD000624,CUST92,PROD25,2025-04-19,3,177.21,0.29,REP6,Shipped,377.4573,2025-04,70.884
ORD000625,CUST283,PROD45,2025-07-05,7,196.3,0.06,REP17,Delivered,1291.654,2025-07,78.52000000000001
ORD000626,CUST169,PROD94,2025-05-27,6,205.42,0.03,REP19,Pending,1195.5444,2025-05,82.168
ORD000627,CUST18,PROD11,2025-02-28,2,294.28,0.26,REP20,Shipped,435.53439999999995,2025-02,117.71199999999999
ORD000628,CUST283,PROD16,2025-08-09,6,271.47,0.13,REP18,Shipped,1417.0734000000002,2025-08,108.58800000000002
ORD000629,CUST1,PROD11,2025-09-11,2,307.87,0.25,REP15,Delivered,461.805,2025-09,123.14800000000001
ORD000630,CUST189,PROD3,2025-05-13,2,384.79,0.27,REP1,Pending,561.7934,2025-05,153.91600000000003
ORD000631,CUST121,PROD84,2025-08-07,2,408.36,0.02,REP13,Shipped,800.3856000000001,2025-08,163.34400000000002
ORD000632,CUST50,PROD55,2024-12-01,3,361.88,0.27,REP20,Shipped,792.5171999999999,2024-12,144.752
ORD000633,CUST164,PROD30,2024-10-13,2,478.21,0.13,REP11,Pending,832.0853999999999,2024-10,191.284
ORD000634,CUST195,PROD36,2025-04-20,4,18.93,0.15,REP8,Pending,64.362,2025-04,7.572
ORD000635,CUST212,PROD84,2025-02-11,9,105.93,0.19,REP6,Cancelled,772.2297000000001,2025-02,42.37200000000001
ORD000636,CUST100,PROD67,2025-06-18,6,13.71,0.28,REP16,Cancelled,59.2272,2025-06,5.484000000000001
ORD000637,CUST277,PROD57,2025-06-27,1,327.26,0.01,REP17,Cancelled,323.9874,2025-06,130.904
ORD000638,CUST81,PROD28,2025-05-20,8,450.03,0.14,REP9,Shipped,3096.2063999999996,2025-05,180.012
ORD000639,CUST217,PROD72,2025-07-12,7,129.31,0.21,REP12,Shipped,715.0843000000001,2025-07,51.724000000000004
ORD000640,CUST227,PROD69,2025-08-29,3,464.25,0.22,REP7,Cancelled,1086.345,2025-08,185.70000000000002
ORD000641,CUST54,PROD29,2024-10-13,1,39.53,0.21,REP13,Delivered,31.228700000000003,2024-10,15.812000000000001
ORD000642,CUST187,PROD54,2025-07-24,5,467.87,0.04,REP11,Pending,2245.776,2025-07,187.14800000000002
ORD000643,CUST140,PROD33,2025-04-16,4,182.3,0.09,REP18,Delivered,663.5720000000001,2025-04,72.92
ORD000644,CUST77,PROD44,2024-12-02,8,59.7,0.11,REP18,Pending,425.064,2024-12,23.880000000000003
ORD000645,CUST272,PROD83,2025-04-19,1,248.08,0.24,REP12,Pending,188.54080000000002,2025-04,99.23200000000001
ORD000646,CUST262,PROD27,2025-05-16,1,135.82,0.08,REP5,Pending,124.95439999999999,2025-05,54.328
ORD000647,CUST48,PROD50,2025-04-14,4,149.59,0.06,REP15,Shipped,562.4584,2025-04,59.836000000000006
ORD000648,CUST21,PROD61,2025-02-19,8,160.57,0.29,REP19,Pending,912.0375999999999,2025-02,64.228
ORD000649,CUST48,PROD66,2025-03-04,5,403.48,0.0,REP13,Shipped,2017.4,2025-03,161.39200000000002
ORD000650,CUST269,PROD69,2025-04-20,2,274.19,0.3,REP3,Delivered,383.866,2025-04,109.676
ORD000651,CUST280,PROD28,2025-06-12,6,162.54,0.2,REP1,Pending,780.192,2025-06,65.016
ORD000652,CUST103,PROD50,2025-06-23,5,309.06,0.25,REP12,Shipped,1158.975,2025-06,123.62400000000001
ORD000653,CUST286,PROD9,2024-10-17,2,360.91,0.09,REP8,Shipped,656.8562000000001,2024-10,144.364
ORD000654,CUST197,PROD44,2025-03-12,3,143.59,0.0,REP8,Shipped,430.77,2025-03,57.43600000000001
ORD000655,CUST46,PROD13,2025-04-08,9,212.64,0.22,REP4,Cancelled,1492.7327999999998,2025-04,85.056
ORD000656,CUST23,PROD3,2025-05-08,7,69.72,0.25,REP18,Cancelled,366.03,2025-05,27.888
ORD000657,CUST266,PROD89,2025-04-04,7,98.76,0.22,REP4,Delivered,539.2296,2025-04,39.504000000000005
ORD000658,CUST297,PROD94,2025-03-09,6,343.75,0.04,REP4,Shipped,1980.0,2025-03,137.5
ORD000659,CUST242,PROD58,2025-05-17,8,98.9,0.23,REP20,Shipped,609.224,2025-05,39.56
ORD000660,CUST47,PROD28,2024-10-15,4,267.33,0.23,REP5,Shipped,823.3764,2024-10,106.932
ORD000661,CUST128,PROD18,2024-10-08,8,357.43,0.2,REP18,Shipped,2287.552,2024-10,142.972
ORD000662,CUST300,PROD54,2024-12-05,4,62.37,0.23,REP2,Cancelled,192.0996,2024-12,24.948
ORD000663,CUST172,PROD57,2024-11-14,8,287.98,0.25,REP19,Shipped,1727.88,2024-11,115.19200000000001
ORD000664,CUST259,PROD53,2025-04-19,9,135.72,0.18,REP16,Pending,1001.6136000000001,2025-04,54.288000000000004
ORD000665,CUST159,PROD80,2024-12-06,3,481.83,0.03,REP6,Pending,1402.1253,2024-12,192.732
ORD000666,CUST186,PROD69,2025-08-07,3,246.94,0.15,REP13,Delivered,629.6969999999999,2025-08,98.77600000000001
ORD000667,CUST137,PROD61,2025-09-06,2,404.94,0.02,REP13,Delivered,793.6824,2025-09,161.976
ORD000668,CUST190,PROD91,2025-03-27,3,279.61,0.12,REP2,Cancelled,738.1704000000001,2025-03,111.84400000000001
ORD000669,CUST267,PROD51,2025-07-26,3,31.27,0.12,REP6,Cancelled,82.5528,2025-07,12.508000000000001
ORD000670,CUST159,PROD68,2024-10-28,5,320.24,0.02,REP10,Delivered,1569.176,2024-10,128.096
ORD000671,CUST75,PROD89,2024-10-18,5,476.19,0.1,REP9,Delivered,2142.855,2024-10,190.476
ORD000672,CUST182,PROD37,2025-01-12,2,304.79,0.03,REP19,Cancelled,591.2926,2025-01,121.91600000000001
ORD000673,CUST206,PROD46,2025-06-13,6,411.4,0.24,REP6,Delivered,1875.9839999999997,2025-06,164.56
ORD000674,CUST69,PROD77,2025-02-22,5,443.26,0.28,REP14,Shipped,1595.736,2025-02,177.304
ORD000675,CUST113,PROD28,2024-11-01,6,121.76,0.02,REP1,Delivered,715.9488,2024-11,48.70400000000001
ORD000676,CUST27,PROD95,2024-11-30,1,113.9,0.29,REP7,Shipped,80.869,2024-11,45.56
ORD000677,CUST153,PROD35,2024-11-22,5,309.38,0.16,REP13,Shipped,1299.396,2024-11,123.75200000000001
ORD000678,CUST185,PROD53,2025-03-17,9,211.4,0.09,REP3,Cancelled,1731.3660000000002,2025-03,84.56
ORD000679,CUST267,PROD26,2024-09-30,2,421.53,0.02,REP17,Pending,826.1987999999999,2024-09,168.612
ORD000680,CUST114,PROD63,2025-08-29,1,451.01,0.15,REP6,Shipped,383.3585,2025-08,180.404
ORD000681,CUST168,PROD99,2025-08-23,9,183.18,0.24,REP9,Shipped,1252.9512000000002,2025-08,73.272
ORD000682,CUST142,PROD4,2025-08-11,9,126.07,0.21,REP19,Delivered,896.3576999999999,2025-08,50.428
ORD000683,CUST109,PROD35,2025-04-05,9,392.46,0.02,REP2,Cancelled,3461.4972,2025-04,156.984
ORD000684,CUST236,PROD63,2024-11-12,6,144.65,0.02,REP16,Cancelled,850.542,2024-11,57.86000000000001
ORD000685,CUST34,PROD42,2025-05-08,8,413.08,0.12,REP18,Delivered,2908.0832,2025-05,165.232
ORD000686,CUST1,PROD70,2025-02-18,1,217.63,0.09,REP16,Cancelled,198.04330000000002,2025-02,87.052
ORD000687,CUST38,PROD19,2024-12-20,4,337.1,0.07,REP20,Delivered,1254.012,2024-12,134.84
ORD000688,CUST121,PROD29,2025-04-20,1,56.81,0.08,REP5,Shipped,52.26520000000001,2025-04,22.724000000000004
ORD000689,CUST199,PROD35,2025-07-16,8,315.69,0.24,REP18,Shipped,1919.3952,2025-07,126.27600000000001
ORD000690,CUST288,PROD92,2025-06-12,1,231.37,0.28,REP4,Delivered,166.5864,2025-06,92.548
ORD000691,CUST244,PROD90,2025-02-25,3,297.44,0.12,REP12,Shipped,785.2416,2025-02,118.976
ORD000692,CUST172,PROD74,2025-08-14,4,92.33,0.27,REP9,Delivered,269.6036,2025-08,36.932
ORD000693,CUST8,PROD68,2025-05-08,8,371.07,0.1,REP16,Shipped,2671.704,2025-05,148.428
ORD000694,CUST107,PROD19,2025-07-21,6,432.77,0.14,REP12,Shipped,2233.0932,2025-07,173.108
ORD000695,CUST57,PROD14,2024-11-26,7,116.2,0.07,REP14,Delivered,756.4619999999999,2024-11,46.480000000000004
ORD000696,CUST97,PROD59,2025-02-11,8,56.9,0.19,REP8,Pending,368.712,2025-02,22.76
ORD000697,CUST239,PROD33,2025-02-16,2,21.58,0.29,REP5,Delivered,30.643599999999996,2025-02,8.632
ORD000698,CUST195,PROD77,2025-08-28,8,324.57,0.18,REP18,Delivered,2129.1792,2025-08,129.828
ORD000699,CUST221,PROD3,2025-02-04,3,307.48,0.11,REP11,Cancelled,820.9716000000001,2025-02,122.99200000000002
ORD000700,CUST19,PROD72,2025-06-01,7,277.88,0.19,REP7,Shipped,1575.5796,2025-06,111.152
ORD000701,CUST137,PROD63,2025-04-12,3,123.65,0.04,REP12,Shipped,356.112,2025-04,49.46000000000001
ORD000702,CUST120,PROD19,2025-07-10,7,201.54,0.27,REP1,Shipped,1029.8694,2025-07,80.616
ORD000703,CUST226,PROD63,2025-02-25,2,301.29,0.15,REP2,Cancelled,512.193,2025-02,120.51600000000002
ORD000704,CUST106,PROD10,2025-04-13,6,253.42,0.13,REP2,Delivered,1322.8524,2025-04,101.368
ORD000705,CUST125,PROD40,2025-01-31,3,494.01,0.18,REP15,Pending,1215.2646,2025-01,197.604
ORD000706,CUST67,PROD68,2025-04-19,3,76.86,0.19,REP10,Shipped,186.7698,2025-04,30.744
ORD000707,CUST132,PROD58,2025-03-13,9,350.62,0.02,REP4,Pending,3092.4683999999997,2025-03,140.24800000000002
ORD000708,CUST247,PROD43,2025-02-12,7,208.12,0.2,REP15,Pending,1165.4720000000002,2025-02,83.248
ORD000709,CUST239,PROD91,2025-04-28,5,219.82,0.07,REP15,Pending,1022.1629999999999,2025-04,87.928
ORD000710,CUST286,PROD67,2024-09-28,7,361.62,0.21,REP19,Delivered,1999.7586000000001,2024-09,144.648
ORD000711,CUST161,PROD43,2025-02-25,9,349.29,0.25,REP19,Pending,2357.7075,2025-02,139.716
ORD000712,CUST67,PROD96,2025-05-03,1,495.72,0.24,REP17,Cancelled,376.7472,2025-05,198.288
ORD000713,CUST239,PROD92,2025-06-21,7,72.91,0.17,REP20,Pending,423.6071,2025-06,29.164
ORD000714,CUST8,PROD43,2024-12-06,6,61.01,0.16,REP17,Cancelled,307.49039999999997,2024-12,24.404
ORD000715,CUST50,PROD29,2025-04-12,9,364.93,0.04,REP14,Shipped,3152.9952,2025-04,145.972
ORD000716,CUST171,PROD97,2025-06-17,1,293.41,0.23,REP7,Pending,225.92570000000003,2025-06,117.36400000000002
ORD000717,CUST128,PROD69,2025-05-30,4,144.34,0.08,REP15,Shipped,531.1712,2025-05,57.736000000000004
ORD000718,CUST7,PROD38,2025-02-15,9,48.92,0.15,REP8,Delivered,374.238,2025-02,19.568
ORD000719,CUST27,PROD56,2024-10-07,4,51.97,0.09,REP18,Shipped,189.1708,2024-10,20.788
ORD000720,CUST254,PROD45,2024-09-25,3,448.15,0.04,REP10,Cancelled,1290.6719999999998,2024-09,179.26
ORD000721,CUST177,PROD5,2025-01-02,9,104.01,0.19,REP2,Delivered,758.2329000000001,2025-01,41.604000000000006
ORD000722,CUST165,PROD31,2024-12-20,2,168.45,0.02,REP2,Cancelled,330.162,2024-12,67.38
ORD000723,CUST148,PROD15,2025-01-23,4,121.06,0.22,REP5,Delivered,377.7072,2025-01,48.42400000000001
ORD000724,CUST270,PROD72,2025-08-13,6,183.95,0.1,REP16,Pending,993.3299999999998,2025-08,73.58
ORD000725,CUST46,PROD73,2025-03-18,2,44.02,0.0,REP6,Pending,88.04,2025-03,17.608
ORD000726,CUST213,PROD77,2025-04-15,8,264.34,0.15,REP20,Shipped,1797.5119999999997,2025-04,105.73599999999999
ORD000727,CUST59,PROD97,2025-09-04,8,43.13,0.01,REP8,Cancelled,341.5896,2025-09,17.252000000000002
ORD000728,CUST236,PROD88,2025-07-26,1,402.17,0.08,REP2,Pending,369.99640000000005,2025-07,160.86800000000002
ORD000729,CUST286,PROD40,2024-11-23,3,124.52,0.21,REP8,Delivered,295.11240000000004,2024-11,49.808
ORD000730,CUST142,PROD18,2025-07-28,9,274.61,0.02,REP17,Delivered,2422.0602000000003,2025-07,109.84400000000001
ORD000731,CUST125,PROD83,2024-11-14,5,441.24,0.25,REP16,Cancelled,1654.6499999999999,2024-11,176.496
ORD000732,CUST143,PROD90,2025-06-10,6,328.93,0.0,REP7,Shipped,1973.58,2025-06,131.572
ORD000733,CUST261,PROD78,2025-07-11,4,271.15,0.07,REP6,Shipped,1008.6779999999999,2025-07,108.46
ORD000734,CUST145,PROD41,2025-04-01,2,168.92,0.22,REP20,Shipped,263.5152,2025-04,67.568
ORD000735,CUST54,PROD79,2024-11-12,8,173.17,0.09,REP13,Shipped,1260.6776,2024-11,69.268
ORD000736,CUST219,PROD75,2025-08-20,6,338.05,0.03,REP10,Shipped,1967.451,2025-08,135.22
ORD000737,CUST294,PROD10,2025-06-22,5,497.13,0.11,REP4,Delivered,2212.2285,2025-06,198.852
ORD000738,CUST266,PROD91,2025-08-06,9,334.3,0.08,REP20,Cancelled,2768.0040000000004,2025-08,133.72
ORD000739,CUST128,PROD87,2024-09-19,1,283.31,0.25,REP20,Delivered,212.48250000000002,2024-09,113.32400000000001
ORD000740,CUST270,PROD56,2025-08-16,5,368.02,0.09,REP16,Delivered,1674.491,2025-08,147.208
ORD000741,CUST232,PROD49,2025-04-10,6,237.95,0.24,REP15,Delivered,1085.052,2025-04,95.18
ORD000742,CUST131,PROD2,2025-06-10,5,39.47,0.27,REP12,Delivered,144.0655,2025-06,15.788
ORD000743,CUST153,PROD97,2025-03-28,6,285.53,0.13,REP6,Cancelled,1490.4665999999997,2025-03,114.21199999999999
ORD000744,CUST135,PROD85,2024-09-16,6,479.24,0.27,REP2,Shipped,2099.0712,2024-09,191.69600000000003
ORD000745,CUST80,PROD43,2025-06-04,7,95.9,0.11,REP8,Pending,597.4570000000001,2025-06,38.36000000000001
ORD000746,CUST103,PROD58,2024-12-08,4,348.1,0.29,REP2,Shipped,988.604,2024-12,139.24
ORD000747,CUST91,PROD73,2025-08-12,8,108.46,0.03,REP11,Delivered,841.6496,2025-08,43.384
ORD000748,CUST11,PROD91,2025-03-27,7,272.56,0.21,REP16,Shipped,1507.2568,2025-03,109.024
ORD000749,CUST235,PROD51,2024-09-26,9,57.37,0.15,REP11,Shipped,438.8804999999999,2024-09,22.948
ORD000750,CUST184,PROD49,2025-01-19,7,230.68,0.12,REP5,Shipped,1420.9888,2025-01,92.272
ORD000751,CUST224,PROD63,2025-04-04,3,380.52,0.19,REP19,Cancelled,924.6636,2025-04,152.208
ORD000752,CUST135,PROD84,2025-09-03,3,180.31,0.21,REP16,Cancelled,427.33470000000005,2025-09,72.12400000000001
ORD000753,CUST65,PROD59,2024-10-05,8,335.81,0.0,REP5,Delivered,2686.48,2024-10,134.324
ORD000754,CUST59,PROD83,2025-03-22,5,399.77,0.05,REP7,Pending,1898.9074999999998,2025-03,159.90800000000002
ORD000755,CUST260,PROD97,2024-10-10,4,464.32,0.21,REP6,Shipped,1467.2512000000002,2024-10,185.728
ORD000756,CUST20,PROD24,2025-04-19,8,124.97,0.2,REP15,Pending,799.808,2025-04,49.988
ORD000757,CUST184,PROD7,2025-03-05,6,205.66,0.29,REP10,Delivered,876.1116,2025-03,82.26400000000001
ORD000758,CUST17,PROD66,2025-06-25,2,84.68,0.23,REP12,Delivered,130.40720000000002,2025-06,33.87200000000001
ORD000759,CUST134,PROD74,2025-01-18,4,496.32,0.29,REP13,Pending,1409.5487999999998,2025-01,198.52800000000002
ORD000760,CUST210,PROD24,2024-12-23,4,464.23,0.21,REP5,Delivered,1466.9668000000001,2024-12,185.692
ORD000761,CUST119,PROD97,2024-12-27,6,274.58,0.09,REP17,Shipped,1499.2068000000002,2024-12,109.832
ORD000762,CUST24,PROD87,2025-01-29,6,422.6,0.03,REP6,Pending,2459.532,2025-01,169.04000000000002
ORD000763,CUST189,PROD4,2024-11-27,1,265.27,0.23,REP19,Cancelled,204.25789999999998,2024-11,106.108
ORD000764,CUST8,PROD32,2024-11-02,8,315.56,0.19,REP1,Pending,2044.8288000000002,2024-11,126.224
ORD000765,CUST262,PROD50,2025-03-17,6,53.67,0.01,REP1,Cancelled,318.7998,2025-03,21.468000000000004
ORD000766,CUST40,PROD95,2025-04-16,3,380.08,0.11,REP5,Shipped,1014.8136000000001,2025-04,152.032
ORD000767,CUST229,PROD54,2025-03-05,9,72.58,0.29,REP2,Delivered,463.7862,2025-03,29.032
ORD000768,CUST47,PROD81,2024-11-09,2,414.77,0.15,REP3,Cancelled,705.1089999999999,2024-11,165.90800000000002
ORD000769,CUST181,PROD27,2024-12-17,8,393.19,0.13,REP1,Cancelled,2736.6023999999998,2024-12,157.276
ORD000770,CUST126,PROD82,2025-04-01,3,357.28,0.14,REP14,Cancelled,921.7823999999999,2025-04,142.912
ORD000771,CUST158,PROD90,2025-05-09,5,27.72,0.06,REP12,Shipped,130.284,2025-05,11.088000000000001
ORD000772,CUST147,PROD74,2025-03-27,6,158.53,0.11,REP16,Cancelled,846.5502,2025-03,63.412000000000006
ORD000773,CUST178,PROD69,2025-03-23,6,138.93,0.11,REP20,Cancelled,741.8862,2025-03,55.572
ORD000774,CUST231,PROD55,2025-02-03,4,186.47,0.02,REP17,Shipped,730.9624,2025-02,74.58800000000001
ORD000775,CUST197,PROD49,2025-09-06,3,52.94,0.23,REP18,Cancelled,122.2914,2025-09,21.176000000000002
ORD000776,CUST18,PROD23,2025-05-17,4,469.11,0.12,REP4,Pending,1651.2672,2025-05,187.644
ORD000777,CUST204,PROD47,2025-08-08,1,281.36,0.25,REP3,Cancelled,211.02,2025-08,112.54400000000001
ORD000778,CUST146,PROD10,2025-02-17,4,159.71,0.26,REP18,Cancelled,472.7416,2025-02,63.88400000000001
ORD000779,CUST212,PROD93,2025-08-24,1,204.52,0.06,REP14,Pending,192.2488,2025-08,81.808
ORD000780,CUST213,PROD87,2024-10-25,1,229.13,0.2,REP20,Cancelled,183.304,2024-10,91.652
ORD000781,CUST154,PROD37,2025-01-07,6,304.29,0.14,REP9,Cancelled,1570.1364,2025-01,121.71600000000001
ORD000782,CUST105,PROD72,2024-12-11,5,262.68,0.26,REP16,Shipped,971.916,2024-12,105.072
ORD000783,CUST87,PROD75,2025-05-03,4,460.5,0.06,REP4,Shipped,1731.4799999999998,2025-05,184.20000000000002
ORD000784,CUST41,PROD22,2025-04-19,3,253.51,0.2,REP10,Shipped,608.424,2025-04,101.404
ORD000785,CUST133,PROD88,2025-06-02,1,496.16,0.18,REP14,Cancelled,406.85120000000006,2025-06,198.46400000000003
ORD000786,CUST81,PROD39,2025-03-25,6,427.2,0.09,REP9,Shipped,2332.5119999999997,2025-03,170.88
ORD000787,CUST298,PROD65,2025-03-01,2,112.17,0.04,REP7,Cancelled,215.3664,2025-03,44.868
ORD000788,CUST225,PROD54,2024-11-16,8,465.99,0.2,REP16,Pending,2982.3360000000002,2024-11,186.39600000000002
ORD000789,CUST128,PROD85,2025-03-20,5,67.02,0.22,REP4,Pending,261.378,2025-03,26.808
ORD000790,CUST177,PROD24,2025-08-25,7,410.55,0.09,REP19,Shipped,2615.2035,2025-08,164.22000000000003
ORD000791,CUST290,PROD90,2025-09-04,2,196.51,0.19,REP3,Pending,318.3462,2025-09,78.604
ORD000792,CUST256,PROD22,2024-10-30,8,440.21,0.12,REP6,Shipped,3099.0784,2024-10,176.084
ORD000793,CUST123,PROD80,2025-04-15,2,435.35,0.21,REP1,Pending,687.8530000000001,2025-04,174.14000000000001
ORD000794,CUST225,PROD49,2024-11-24,4,404.9,0.06,REP18,Pending,1522.4239999999998,2024-11,161.96
ORD000795,CUST278,PROD86,2025-02-04,1,397.11,0.27,REP4,Cancelled,289.8903,2025-02,158.84400000000002
ORD000796,CUST252,PROD81,2025-06-13,5,159.29,0.09,REP3,Cancelled,724.7695,2025-06,63.716
ORD000797,CUST241,PROD25,2025-05-11,9,49.65,0.11,REP9,Cancelled,397.69649999999996,2025-05,19.86
ORD000798,CUST89,PROD1,2025-06-07,1,207.46,0.02,REP12,Shipped,203.3108,2025-06,82.98400000000001
ORD000799,CUST183,PROD95,2025-06-29,9,95.03,0.03,REP9,Cancelled,829.6119,2025-06,38.012
ORD000800,CUST284,PROD22,2025-06-28,8,350.53,0.15,REP8,Cancelled,2383.604,2025-06,140.212
ORD000801,CUST146,PROD27,2025-03-26,6,179.59,0.08,REP15,Cancelled,991.3368,2025-03,71.836
ORD000802,CUST122,PROD44,2024-12-28,7,488.05,0.25,REP20,Shipped,2562.2625,2024-12,195.22000000000003
ORD000803,CUST104,PROD85,2024-12-26,3,324.08,0.0,REP1,Cancelled,972.24,2024-12,129.632
ORD000804,CUST278,PROD95,2024-10-27,1,413.02,0.11,REP7,Delivered,367.5878,2024-10,165.208
ORD000805,CUST72,PROD71,2025-03-09,5,74.94,0.1,REP9,Delivered,337.23,2025-03,29.976
ORD000806,CUST250,PROD24,2024-11-06,2,432.39,0.01,REP9,Delivered,856.1322,2024-11,172.95600000000002
ORD000807,CUST55,PROD24,2025-04-17,5,462.15,0.04,REP11,Shipped,2218.3199999999997,2025-04,184.86
ORD000808,CUST120,PROD23,2025-02-01,8,248.66,0.12,REP5,Shipped,1750.5664,2025-02,99.464
ORD000809,CUST62,PROD93,2025-05-15,9,307.06,0.15,REP2,Shipped,2349.009,2025-05,122.82400000000001
ORD000810,CUST181,PROD97,2024-11-04,2,384.76,0.12,REP15,Pending,677.1776,2024-11,153.904
ORD000811,CUST153,PROD95,2025-02-09,3,95.67,0.16,REP20,Delivered,241.08839999999998,2025-02,38.268
ORD000812,CUST56,PROD76,2025-01-25,3,256.26,0.18,REP20,Pending,630.3996000000001,2025-01,102.504
ORD000813,CUST105,PROD76,2024-11-03,1,205.34,0.0,REP15,Delivered,205.34,2024-11,82.13600000000001
ORD000814,CUST47,PROD88,2025-03-03,8,81.72,0.14,REP4,Delivered,562.2336,2025-03,32.688
ORD000815,CUST179,PROD31,2025-05-31,6,190.09,0.29,REP13,Delivered,809.7833999999999,2025-05,76.036
ORD000816,CUST248,PROD38,2025-07-01,8,43.4,0.16,REP18,Delivered,291.64799999999997,2025-07,17.36
ORD000817,CUST256,PROD55,2025-03-09,9,22.65,0.2,REP7,Delivered,163.08,2025-03,9.06
ORD000818,CUST207,PROD8,2025-08-09,5,76.23,0.09,REP13,Cancelled,346.84650000000005,2025-08,30.492000000000004
ORD000819,CUST68,PROD72,2025-05-18,3,481.93,0.23,REP13,Cancelled,1113.2583,2025-05,192.77200000000002
ORD000820,CUST100,PROD27,2025-02-12,5,279.27,0.23,REP20,Shipped,1075.1895,2025-02,111.708
ORD000821,CUST88,PROD57,2024-10-05,5,483.25,0.16,REP17,Delivered,2029.6499999999999,2024-10,193.3
ORD000822,CUST36,PROD98,2025-04-15,5,221.92,0.29,REP8,Delivered,787.8159999999999,2025-04,88.768
ORD000823,CUST149,PROD47,2025-04-21,3,162.79,0.04,REP20,Pending,468.8352,2025-04,65.116
ORD000824,CUST121,PROD15,2025-06-15,4,258.01,0.01,REP7,Delivered,1021.7195999999999,2025-06,103.20400000000001
ORD000825,CUST226,PROD29,2025-03-31,9,225.36,0.23,REP10,Delivered,1561.7448000000002,2025-03,90.144
ORD000826,CUST287,PROD85,2025-02-12,9,61.78,0.24,REP10,Cancelled,422.5752,2025-02,24.712000000000003
ORD000827,CUST38,PROD99,2024-11-22,2,324.0,0.04,REP9,Cancelled,622.0799999999999,2024-11,129.6
ORD000828,CUST71,PROD22,2025-08-06,8,115.86,0.08,REP8,Shipped,852.7296,2025-08,46.344
ORD000829,CUST90,PROD43,2025-01-10,8,313.6,0.01,REP8,Shipped,2483.712,2025-01,125.44000000000001
ORD000830,CUST215,PROD31,2025-06-25,7,328.6,0.09,REP6,Delivered,2093.1820000000002,2025-06,131.44000000000003
ORD000831,CUST231,PROD58,2024-10-04,8,84.49,0.23,REP7,Pending,520.4584,2024-10,33.796
ORD000832,CUST264,PROD48,2025-08-27,3,40.06,0.16,REP7,Delivered,100.9512,2025-08,16.024
ORD000833,CUST220,PROD71,2025-02-22,6,392.57,0.1,REP13,Cancelled,2119.878,2025-02,157.02800000000002
ORD000834,CUST51,PROD22,2024-12-24,1,235.3,0.11,REP17,Shipped,209.417,2024-12,94.12
ORD000835,CUST189,PROD6,2024-11-14,7,38.5,0.0,REP3,Delivered,269.5,2024-11,15.4
ORD000836,CUST186,PROD95,2024-10-09,1,497.48,0.09,REP7,Shipped,452.70680000000004,2024-10,198.99200000000002
ORD000837,CUST135,PROD30,2025-03-05,9,38.31,0.19,REP15,Delivered,279.27990000000005,2025-03,15.324000000000002
ORD000838,CUST82,PROD14,2025-04-06,1,350.57,0.29,REP13,Delivered,248.9047,2025-04,140.228
ORD000839,CUST208,PROD72,2025-08-01,1,492.0,0.25,REP16,Shipped,369.0,2025-08,196.8
ORD000840,CUST24,PROD45,2025-01-01,7,127.2,0.01,REP16,Delivered,881.496,2025-01,50.88
ORD000841,CUST237,PROD10,2025-03-23,2,79.7,0.27,REP9,Pending,116.362,2025-03,31.880000000000003
ORD000842,CUST211,PROD37,2024-11-19,5,69.48,0.23,REP5,Cancelled,267.49800000000005,2024-11,27.792
ORD000843,CUST282,PROD13,2025-02-20,8,158.6,0.23,REP4,Shipped,976.976,2025-02,63.44
ORD000844,CUST163,PROD53,2025-08-25,8,59.51,0.14,REP9,Pending,409.42879999999997,2025-08,23.804000000000002
ORD000845,CUST33,PROD26,2025-08-03,3,349.16,0.12,REP4,Delivered,921.7824,2025-08,139.66400000000002
ORD000846,CUST111,PROD14,2025-06-03,7,40.52,0.09,REP7,Delivered,258.11240000000004,2025-06,16.208000000000002
ORD000847,CUST87,PROD97,2025-07-11,3,259.62,0.02,REP16,Pending,763.2828,2025-07,103.84800000000001
ORD000848,CUST183,PROD92,2025-03-13,6,498.38,0.07,REP14,Cancelled,2780.9603999999995,2025-03,199.352
ORD000849,CUST133,PROD48,2025-03-12,6,408.85,0.07,REP12,Delivered,2281.3830000000003,2025-03,163.54000000000002
ORD000850,CUST205,PROD87,2024-10-31,3,311.46,0.15,REP5,Shipped,794.2229999999998,2024-10,124.584
ORD000851,CUST212,PROD77,2024-11-20,7,160.06,0.22,REP13,Shipped,873.9276000000001,2024-11,64.024
ORD000852,CUST224,PROD50,2025-01-03,3,315.71,0.14,REP11,Cancelled,814.5317999999999,2025-01,126.28399999999999
ORD000853,CUST253,PROD75,2024-10-13,8,268.25,0.02,REP11,Pending,2103.08,2024-10,107.30000000000001
ORD000854,CUST210,PROD22,2025-09-11,4,218.78,0.29,REP3,Pending,621.3352,2025-09,87.512
ORD000855,CUST223,PROD27,2024-11-04,1,74.05,0.28,REP13,Delivered,53.315999999999995,2024-11,29.62
ORD000856,CUST133,PROD69,2025-09-15,4,444.44,0.24,REP4,Cancelled,1351.0976,2025-09,177.776
ORD000857,CUST217,PROD94,2025-06-29,7,230.39,0.3,REP10,Shipped,1128.9109999999998,2025-06,92.156
ORD000858,CUST129,PROD27,2025-09-06,4,105.37,0.16,REP12,Cancelled,354.0432,2025-09,42.148
ORD000859,CUST223,PROD57,2025-03-24,6,190.2,0.29,REP11,Pending,810.2519999999998,2025-03,76.08
ORD000860,CUST245,PROD88,2025-03-20,9,212.92,0.02,REP9,Pending,1877.9543999999999,2025-03,85.168
ORD000861,CUST242,PROD92,2024-11-09,1,415.49,0.11,REP9,Pending,369.78610000000003,2024-11,166.19600000000003
ORD000862,CUST31,PROD35,2025-08-18,5,369.47,0.07,REP9,Delivered,1718.0355,2025-08,147.788
ORD000863,CUST183,PROD54,2025-07-01,7,386.96,0.06,REP14,Shipped,2546.1967999999997,2025-07,154.784
ORD000864,CUST267,PROD81,2024-11-30,1,15.41,0.04,REP7,Cancelled,14.7936,2024-11,6.164000000000001
ORD000865,CUST36,PROD41,2025-02-14,4,213.92,0.19,REP17,Cancelled,693.1008,2025-02,85.568
ORD000866,CUST290,PROD79,2025-04-25,6,245.86,0.23,REP1,Cancelled,1135.8732,2025-04,98.34400000000001
ORD000867,CUST242,PROD29,2024-09-24,2,19.4,0.17,REP18,Pending,32.20399999999999,2024-09,7.76
ORD000868,CUST299,PROD83,2025-04-09,5,137.31,0.04,REP7,Shipped,659.088,2025-04,54.92400000000001
ORD000869,CUST116,PROD70,2024-12-03,1,382.54,0.24,REP7,Delivered,290.73040000000003,2024-12,153.01600000000002
ORD000870,CUST264,PROD59,2025-05-10,6,77.18,0.19,REP13,Pending,375.0948000000001,2025-05,30.872000000000003
ORD000871,CUST90,PROD8,2024-11-10,6,272.3,0.12,REP19,Shipped,1437.7440000000001,2024-11,108.92000000000002
ORD000872,CUST8,PROD39,2024-11-02,4,115.45,0.2,REP18,Pending,369.44000000000005,2024-11,46.18000000000001
ORD000873,CUST68,PROD2,2025-03-17,8,15.94,0.08,REP18,Shipped,117.3184,2025-03,6.376
ORD000874,CUST270,PROD87,2025-08-30,4,128.19,0.1,REP11,Shipped,461.484,2025-08,51.276
ORD000875,CUST293,PROD40,2024-11-30,8,488.18,0.28,REP7,Pending,2811.9168,2024-11,195.27200000000002
ORD000876,CUST39,PROD79,2024-12-29,8,402.75,0.09,REP12,Cancelled,2932.02,2024-12,161.10000000000002
ORD000877,CUST65,PROD75,2025-01-26,5,480.19,0.14,REP3,Pending,2064.817,2025-01,192.07600000000002
ORD000878,CUST187,PROD76,2025-05-25,4,249.05,0.27,REP16,Pending,727.226,2025-05,99.62
ORD000879,CUST34,PROD83,2025-02-14,2,63.77,0.21,REP7,Delivered,100.7566,2025-02,25.508000000000003
ORD000880,CUST188,PROD18,2025-06-09,3,278.5,0.02,REP14,Shipped,818.79,2025-06,111.4
ORD000881,CUST297,PROD100,2024-12-16,3,232.64,0.04,REP11,Pending,670.0032,2024-12,93.056
ORD000882,CUST248,PROD76,2025-02-14,4,423.73,0.0,REP17,Cancelled,1694.92,2025-02,169.49200000000002
ORD000883,CUST28,PROD27,2024-10-09,4,58.06,0.19,REP1,Cancelled,188.11440000000002,2024-10,23.224000000000004
ORD000884,CUST159,PROD23,2024-11-08,5,249.24,0.13,REP4,Pending,1084.194,2024-11,99.69600000000001
ORD000885,CUST96,PROD32,2025-05-30,4,83.52,0.04,REP17,Delivered,320.7168,2025-05,33.408
ORD000886,CUST149,PROD83,2025-08-01,8,169.09,0.29,REP14,Pending,960.4312,2025-08,67.63600000000001
ORD000887,CUST129,PROD62,2024-10-28,6,371.3,0.16,REP8,Delivered,1871.352,2024-10,148.52
ORD000888,CUST11,PROD52,2025-02-03,6,243.25,0.07,REP19,Cancelled,1357.3349999999998,2025-02,97.30000000000001
ORD000889,CUST219,PROD64,2025-03-16,8,194.19,0.15,REP11,Shipped,1320.492,2025-03,77.676
ORD000890,CUST154,PROD86,2025-08-08,7,203.29,0.2,REP8,Shipped,1138.424,2025-08,81.316
ORD000891,CUST242,PROD77,2025-01-13,8,235.13,0.02,REP6,Delivered,1843.4191999999998,2025-01,94.052
ORD000892,CUST199,PROD30,2025-04-02,2,394.66,0.08,REP1,Cancelled,726.1744000000001,2025-04,157.86400000000003
ORD000893,CUST73,PROD44,2025-05-03,9,447.12,0.24,REP6,Pending,3058.3008,2025-05,178.848
ORD000894,CUST76,PROD30,2025-01-19,1,478.11,0.14,REP10,Shipped,411.1746,2025-01,191.24400000000003
ORD000895,CUST159,PROD6,2025-08-20,8,395.58,0.16,REP9,Shipped,2658.2976,2025-08,158.232
ORD000896,CUST29,PROD73,2024-10-06,4,164.55,0.13,REP3,Delivered,572.634,2024-10,65.82000000000001
ORD000897,CUST153,PROD89,2025-07-14,4,347.19,0.01,REP13,Pending,1374.8724,2025-07,138.876
ORD000898,CUST187,PROD40,2025-07-22,5,224.43,0.05,REP11,Pending,1066.0425,2025-07,89.772
ORD000899,CUST28,PROD59,2025-07-06,8,134.79,0.13,REP19,Delivered,938.1383999999999,2025-07,53.916
ORD000900,CUST170,PROD35,2024-12-04,5,422.03,0.06,REP1,Delivered,1983.5409999999995,2024-12,168.812
ORD000901,CUST117,PROD48,2025-03-04,8,28.83,0.01,REP19,Pending,228.3336,2025-03,11.532
ORD000902,CUST127,PROD62,2025-01-11,1,451.86,0.25,REP5,Delivered,338.895,2025-01,180.74400000000003
ORD000903,CUST263,PROD23,2025-06-24,9,236.12,0.29,REP12,Shipped,1508.8067999999998,2025-06,94.44800000000001
ORD000904,CUST192,PROD64,2025-04-24,6,322.23,0.24,REP10,Cancelled,1469.3688000000002,2025-04,128.89200000000002
ORD000905,CUST150,PROD69,2025-07-04,3,333.08,0.26,REP19,Pending,739.4376,2025-07,133.232
ORD000906,CUST289,PROD41,2025-01-10,8,448.61,0.07,REP14,Pending,3337.6584,2025-01,179.44400000000002
ORD000907,CUST141,PROD17,2024-10-15,9,321.97,0.29,REP13,Delivered,2057.3883,2024-10,128.788
ORD000908,CUST52,PROD52,2025-01-20,6,310.83,0.06,REP3,Shipped,1753.0811999999999,2025-01,124.332
ORD000909,CUST174,PROD83,2024-09-21,7,42.66,0.29,REP11,Shipped,212.0202,2024-09,17.064
ORD000910,CUST200,PROD15,2025-05-09,1,264.02,0.3,REP2,Shipped,184.81399999999996,2025-05,105.608
ORD000911,CUST254,PROD4,2025-08-25,5,83.58,0.21,REP8,Pending,330.141,2025-08,33.432
ORD000912,CUST268,PROD42,2025-03-27,5,371.34,0.29,REP14,Pending,1318.2569999999998,2025-03,148.536
ORD000913,CUST294,PROD14,2025-01-13,4,260.99,0.17,REP7,Cancelled,866.4868,2025-01,104.39600000000002
ORD000914,CUST39,PROD81,2025-02-18,6,343.31,0.08,REP15,Cancelled,1895.0712,2025-02,137.324
ORD000915,CUST104,PROD13,2025-07-07,7,30.42,0.13,REP4,Cancelled,185.2578,2025-07,12.168000000000001
ORD000916,CUST149,PROD23,2024-11-17,9,51.55,0.18,REP2,Cancelled,380.439,2024-11,20.62
ORD000917,CUST1,PROD82,2024-12-24,1,361.0,0.02,REP15,Delivered,353.78,2024-12,144.4
ORD000918,CUST33,PROD54,2024-12-17,6,45.32,0.19,REP13,Shipped,220.25520000000003,2024-12,18.128
ORD000919,CUST78,PROD100,2024-12-21,7,44.92,0.29,REP1,Shipped,223.2524,2024-12,17.968
ORD000920,CUST27,PROD82,2024-10-16,3,15.93,0.06,REP16,Shipped,44.922599999999996,2024-10,6.372
ORD000921,CUST78,PROD15,2025-06-20,8,478.69,0.24,REP2,Pending,2910.4352,2025-06,191.476
ORD000922,CUST14,PROD32,2025-08-30,5,371.38,0.27,REP20,Pending,1355.537,2025-08,148.552
ORD000923,CUST96,PROD18,2024-10-22,9,183.09,0.28,REP13,Delivered,1186.4232,2024-10,73.236
ORD000924,CUST260,PROD89,2025-01-14,5,155.3,0.29,REP16,Cancelled,551.3149999999999,2025-01,62.120000000000005
ORD000925,CUST43,PROD43,2025-07-16,9,181.35,0.16,REP4,Cancelled,1371.0059999999999,2025-07,72.54
ORD000926,CUST167,PROD29,2025-04-07,4,389.58,0.29,REP12,Delivered,1106.4071999999999,2025-04,155.832
ORD000927,CUST44,PROD75,2025-03-23,9,334.07,0.23,REP14,Delivered,2315.1051,2025-03,133.62800000000001
ORD000928,CUST246,PROD100,2025-03-21,5,100.75,0.05,REP19,Cancelled,478.5625,2025-03,40.300000000000004
ORD000929,CUST224,PROD13,2025-03-21,9,95.31,0.14,REP13,Shipped,737.6994,2025-03,38.124
ORD000930,CUST156,PROD39,2024-12-02,3,58.21,0.22,REP15,Shipped,136.2114,2024-12,23.284000000000002
ORD000931,CUST259,PROD39,2024-10-30,4,333.55,0.07,REP12,Delivered,1240.806,2024-10,133.42000000000002
ORD000932,CUST228,PROD89,2025-08-03,9,384.54,0.19,REP11,Pending,2803.2966,2025-08,153.81600000000003
ORD000933,CUST88,PROD60,2024-12-13,6,139.87,0.2,REP3,Pending,671.3760000000001,2024-12,55.94800000000001
ORD000934,CUST286,PROD16,2024-10-11,2,20.26,0.05,REP1,Delivered,38.494,2024-10,8.104000000000001
ORD000935,CUST179,PROD2,2024-10-22,7,50.26,0.17,REP2,Pending,292.01059999999995,2024-10,20.104
ORD000936,CUST91,PROD32,2025-07-01,2,484.25,0.23,REP6,Pending,745.745,2025-07,193.70000000000002
ORD000937,CUST255,PROD65,2025-08-20,2,154.77,0.15,REP3,Shipped,263.10900000000004,2025-08,61.90800000000001
ORD000938,CUST16,PROD53,2025-09-12,1,386.92,0.0,REP14,Pending,386.92,2025-09,154.76800000000003
ORD000939,CUST192,PROD52,2025-08-24,3,316.09,0.0,REP11,Shipped,948.27,2025-08,126.43599999999999
ORD000940,CUST262,PROD3,2025-08-06,6,197.15,0.11,REP10,Delivered,1052.7810000000002,2025-08,78.86000000000001
ORD000941,CUST80,PROD6,2025-08-19,8,110.79,0.28,REP2,Pending,638.1504,2025-08,44.316
ORD000942,CUST286,PROD2,2025-07-06,9,69.48,0.07,REP15,Shipped,581.5476,2025-07,27.792
ORD000943,CUST5,PROD50,2024-09-16,7,311.36,0.19,REP10,Cancelled,1765.4112,2024-09,124.54400000000001
ORD000944,CUST96,PROD36,2024-10-02,4,389.57,0.07,REP3,Pending,1449.2004,2024-10,155.828
ORD000945,CUST231,PROD53,2025-03-20,6,325.51,0.1,REP10,Delivered,1757.754,2025-03,130.204
ORD000946,CUST2,PROD38,2024-11-19,5,269.85,0.25,REP10,Cancelled,1011.9375,2024-11,107.94000000000001
ORD000947,CUST152,PROD17,2025-09-07,8,30.56,0.22,REP8,Shipped,190.6944,2025-09,12.224
ORD000948,CUST108,PROD6,2025-08-10,1,484.56,0.03,REP19,Shipped,470.0232,2025-08,193.824
ORD000949,CUST152,PROD94,2025-07-04,1,401.37,0.13,REP14,Delivered,349.1919,2025-07,160.548
ORD000950,CUST125,PROD25,2024-12-25,6,153.48,0.01,REP1,Shipped,911.6711999999999,2024-12,61.391999999999996
ORD000951,CUST259,PROD18,2025-06-09,2,490.19,0.14,REP6,Shipped,843.1268,2025-06,196.07600000000002
ORD000952,CUST94,PROD52,2025-08-21,5,304.92,0.2,REP5,Pending,1219.68,2025-08,121.96800000000002
ORD000953,CUST278,PROD36,2024-10-31,1,295.39,0.04,REP8,Pending,283.57439999999997,2024-10,118.156
ORD000954,CUST8,PROD31,2025-06-29,7,376.56,0.09,REP2,Pending,2398.6872000000003,2025-06,150.624
ORD000955,CUST72,PROD45,2024-11-23,1,407.77,0.12,REP11,Shipped,358.8376,2024-11,163.108
ORD000956,CUST135,PROD80,2025-01-25,4,331.67,0.28,REP12,Delivered,955.2096,2025-01,132.668
ORD000957,CUST178,PROD11,2025-04-26,9,72.77,0.3,REP5,Delivered,458.4509999999999,2025-04,29.108
ORD000958,CUST55,PROD16,2024-12-19,1,175.75,0.01,REP8,Delivered,173.9925,2024-12,70.3
ORD000959,CUST221,PROD95,2024-12-25,4,464.76,0.23,REP19,Shipped,1431.4608,2024-12,185.904
ORD000960,CUST11,PROD2,2025-03-28,6,120.06,0.11,REP6,Shipped,641.1204,2025-03,48.024
ORD000961,CUST111,PROD3,2025-05-25,6,192.36,0.12,REP17,Pending,1015.6608000000001,2025-05,76.94400000000002
ORD000962,CUST28,PROD79,2025-08-19,8,221.72,0.23,REP16,Delivered,1365.7952,2025-08,88.688
ORD000963,CUST43,PROD29,2025-02-21,1,225.31,0.28,REP13,Shipped,162.2232,2025-02,90.12400000000001
ORD000964,CUST119,PROD81,2025-03-14,7,310.34,0.29,REP9,Cancelled,1542.3897999999997,2025-03,124.136
ORD000965,CUST247,PROD21,2025-06-30,1,472.11,0.17,REP5,Cancelled,391.8513,2025-06,188.84400000000002
ORD000966,CUST139,PROD78,2024-10-26,7,127.94,0.11,REP3,Shipped,797.0662,2024-10,51.176
ORD000967,CUST280,PROD72,2025-01-29,3,69.54,0.24,REP16,Pending,158.5512,2025-01,27.816000000000003
ORD000968,CUST275,PROD61,2025-06-18,8,106.76,0.08,REP15,Pending,785.7536000000001,2025-06,42.70400000000001
ORD000969,CUST151,PROD74,2025-02-03,3,444.59,0.17,REP4,Delivered,1107.0291,2025-02,177.836
ORD000970,CUST229,PROD54,2025-06-16,1,326.45,0.11,REP2,Delivered,290.5405,2025-06,130.58
ORD000971,CUST11,PROD40,2025-02-04,8,150.09,0.2,REP19,Delivered,960.576,2025-02,60.036
ORD000972,CUST195,PROD54,2025-02-16,3,409.81,0.07,REP13,Shipped,1143.3699,2025-02,163.924
ORD000973,CUST28,PROD21,2025-05-10,2,432.07,0.06,REP4,Pending,812.2915999999999,2025-05,172.828
ORD000974,CUST294,PROD62,2025-02-11,1,424.79,0.28,REP18,Delivered,305.8488,2025-02,169.91600000000003
ORD000975,CUST43,PROD27,2025-06-25,3,460.27,0.03,REP4,Delivered,1339.3856999999998,2025-06,184.108
ORD000976,CUST291,PROD40,2024-10-30,2,133.6,0.15,REP13,Delivered,227.11999999999998,2024-10,53.44
ORD000977,CUST68,PROD89,2025-07-15,2,379.97,0.07,REP11,Pending,706.7442,2025-07,151.98800000000003
ORD000978,CUST264,PROD14,2024-11-08,6,235.66,0.01,REP15,Delivered,1399.8204,2024-11,94.26400000000001
ORD000979,CUST107,PROD38,2024-12-23,1,422.58,0.01,REP18,Pending,418.3542,2024-12,169.032
ORD000980,CUST140,PROD39,2025-09-04,2,366.96,0.05,REP5,Pending,697.2239999999999,2025-09,146.784
ORD000981,CUST148,PROD53,2024-12-10,6,390.46,0.26,REP8,Shipped,1733.6423999999997,2024-12,156.184
ORD000982,CUST159,PROD40,2024-10-14,3,331.52,0.08,REP7,Shipped,914.9952,2024-10,132.608
ORD000983,CUST205,PROD37,2025-04-08,4,96.94,0.29,REP2,Shipped,275.3096,2025-04,38.776
ORD000984,CUST177,PROD44,2025-06-05,1,277.06,0.17,REP9,Cancelled,229.9598,2025-06,110.82400000000001
ORD000985,CUST209,PROD29,2025-06-03,8,492.49,0.13,REP9,Delivered,3427.7304,2025-06,196.996
ORD000986,CUST127,PROD13,2025-06-17,7,469.32,0.17,REP9,Delivered,2726.7491999999997,2025-06,187.728
ORD000987,CUST244,PROD86,2025-04-13,7,31.16,0.16,REP14,Shipped,183.2208,2025-04,12.464
ORD000988,CUST14,PROD6,2024-09-21,3,90.76,0.23,REP1,Delivered,209.65560000000002,2024-09,36.304
ORD000989,CUST165,PROD86,2024-12-14,3,74.55,0.08,REP6,Cancelled,205.75799999999998,2024-12,29.82
ORD000990,CUST204,PROD11,2024-09-20,2,365.73,0.11,REP9,Delivered,650.9994,2024-09,146.292
ORD000991,CUST241,PROD35,2025-06-27,1,410.71,0.27,REP16,Cancelled,299.81829999999997,2025-06,164.284
ORD000992,CUST56,PROD9,2024-12-07,7,114.62,0.28,REP13,Cancelled,577.6848,2024-12,45.848000000000006
ORD000993,CUST150,PROD98,2025-05-01,7,257.87,0.27,REP3,Shipped,1317.7157,2025-05,103.14800000000001
ORD000994,CUST281,PROD72,2025-05-19,2,421.94,0.13,REP4,Pending,734.1756,2025-05,168.776
ORD000995,CUST286,PROD44,2024-10-24,7,369.07,0.23,REP5,Pending,1989.2873,2024-10,147.62800000000001
ORD000996,CUST100,PROD3,2025-08-20,8,275.7,0.14,REP7,Delivered,1896.8159999999998,2025-08,110.28
ORD000997,CUST263,PROD19,2025-02-26,1,299.27,0.15,REP9,Cancelled,254.37949999999998,2025-02,119.708
ORD000998,CUST51,PROD5,2024-12-17,9,259.1,0.06,REP15,Shipped,2191.986,2024-12,103.64000000000001
ORD000999,CUST132,PROD31,2024-12-26,7,155.8,0.18,REP8,Cancelled,894.2920000000001,2024-12,62.32000000000001
ORD001000,CUST75,PROD71,2025-05-06,3,286.86,0.06,REP20,Shipped,808.9452,2025-05,114.74400000000001
