transaction_id,customer_id,account_number,transaction_amount,transaction_type,merchant_name,transaction_date,payment_method,status,ip_address
TXN000001,CUST00024,432300674,4947.01,Payment,Merchant F,2025-02-08 09:10:13,Credit Card,Failed,165.89.157.32
TXN000002,CUST00005,662679488,390.03,Payment,Merchant C,2025-01-23 09:10:13,Check,Failed,125.36.156.112
TXN000003,CUST00063,561626486,4656.39,Transfer,Merchant G,2025-01-07 09:10:13,Bank Transfer,Completed,31.145.101.23
TXN000004,CUST00081,226096541,2897.88,Purchase,Merchant G,2025-04-21 09:10:13,Bank Transfer,Failed,89.92.67.86
TXN000005,CUST00118,932906404,2646.42,Deposit,Merchant C,2025-08-29 09:10:13,Cash,Completed,45.14.59.64
TXN000006,CUST00172,163690217,2076.13,Purchase,Merchant E,2024-10-12 09:10:13,Check,Failed,236.175.135.47
TXN000007,CUST00054,875078846,384.02,Withdrawal,Merchant E,2024-12-03 09:10:13,Check,Failed,46.200.131.218
TXN000008,CUST00021,137765651,59.17,Deposit,Merchant E,2025-01-19 09:10:13,Credit Card,Pending,192.125.74.138
TXN000009,CUST00132,270581519,322.92,Purchase,Merchant C,2025-01-23 09:10:13,Check,Pending,80.24.21.163
TXN000010,CUST00077,746169559,118.63,Purchase,Merchant G,2025-04-11 09:10:13,Check,Failed,6.134.88.112
TXN000011,CUST00043,963596773,3677.51,Payment,Merchant D,2025-01-22 09:10:13,Cash,Completed,127.121.86.161
TXN000012,CUST00148,788960208,1100.75,Payment,Merchant D,2025-06-09 09:10:13,Check,Failed,122.211.218.89
TXN000013,CUST00160,346183480,-652.94,Purchase,Merchant D,2025-02-16 09:10:13,Cash,Completed,64.133.93.31
TXN000014,CUST00153,299635861,4814.62,Deposit,Merchant A,2025-08-24 09:10:13,Credit Card,Completed,225.97.171.138
TXN000015,CUST00153,138160957,4302.72,Withdrawal,Merchant D,2025-02-07 09:10:13,Cash,Completed,180.95.114.128
TXN000016,CUST00109,425325797,4566.51,Withdrawal,Merchant D,2025-08-03 09:10:13,Bank Transfer,Failed,27.168.176.11
TXN000017,CUST00154,117568103,4969.45,Withdrawal,Merchant G,2025-03-30 09:10:13,Cash,Failed,44.203.223.170
TXN000018,CUST00002,411478040,43.37,Transfer,Merchant C,2025-02-12 09:10:13,Debit Card,Failed,172.9.170.129
TXN000019,CUST00042,487455605,1377.45,Deposit,Merchant F,2024-10-02 09:10:13,Credit Card,Pending,39.162.42.78
TXN000020,CUST00054,602122983,3549.43,Purchase,Merchant C,2025-06-13 09:10:13,Check,Completed,255.177.83.131
TXN000021,CUST00155,884652258,3176.12,Deposit,Merchant C,2025-01-04 09:10:13,Cash,Pending,15.255.160.150
TXN000022,CUST00160,286588786,-76.62,Transfer,Merchant G,2025-01-29 09:10:13,Cash,Completed,54.21.66.121
TXN000023,CUST00138,637612790,3895.0,Transfer,Merchant F,2025-03-18 09:10:13,Cash,Failed,232.231.225.93
TXN000024,CUST00138,198334659,346.64,Withdrawal,Merchant D,2025-02-21 09:10:13,Credit Card,Completed,207.86.95.23
TXN000025,CUST00131,889384749,342.91,Purchase,Merchant C,2025-09-01 09:10:13,Bank Transfer,Completed,79.17.79.135
TXN000026,CUST00091,621883547,2221.85,Purchase,Merchant B,2025-07-07 09:10:13,Credit Card,Completed,9.188.47.51
TXN000027,CUST00183,682666609,2557.64,Deposit,Merchant B,2025-09-06 09:10:13,Cash,Pending,20.115.165.244
TXN000028,CUST00034,918920055,2480.52,Purchase,Merchant G,2025-02-22 09:10:13,Bank Transfer,Failed,141.25.15.168
TXN000029,CUST00192,458263705,-451.08,Transfer,Merchant G,2024-09-26 09:10:13,Bank Transfer,Failed,127.246.157.67
TXN000030,CUST00018,659002338,4264.77,Purchase,Merchant D,2024-09-23 09:10:13,Debit Card,Pending,210.167.73.88
TXN000031,CUST00042,595486688,593.6,Transfer,Merchant A,2025-01-30 09:10:13,Bank Transfer,Pending,168.114.169.78
TXN000032,CUST00124,114676488,-222.91,Purchase,Merchant B,2024-11-17 09:10:13,Check,Failed,85.64.154.185
TXN000033,CUST00114,151600898,4332.49,Payment,Merchant B,2025-07-04 09:10:13,Bank Transfer,Failed,200.179.22.99
TXN000034,CUST00164,974276143,4733.91,Deposit,Merchant G,2025-05-17 09:10:13,Check,Completed,116.109.195.218
TXN000035,CUST00086,253024352,4172.77,Transfer,Merchant G,2025-04-14 09:10:13,Check,Pending,81.32.171.28
TXN000036,CUST00133,806831386,3857.1,Transfer,Merchant D,2024-09-20 09:10:13,Credit Card,Pending,7.71.59.12
TXN000037,CUST00162,208717741,2931.45,Withdrawal,Merchant E,2025-01-26 09:10:13,Cash,Failed,69.124.250.34
TXN000038,CUST00131,361587220,2305.14,Payment,Merchant A,2025-09-10 09:10:13,Cash,Pending,79.35.193.142
TXN000039,CUST00153,173191091,-478.08,Transfer,Merchant G,2025-01-14 09:10:13,Check,Pending,30.67.43.205
TXN000040,CUST00048,596700055,1450.72,Payment,Merchant D,2025-05-29 09:10:13,Cash,Failed,113.97.177.248
TXN000041,CUST00032,690598079,1236.13,Payment,Merchant E,2024-09-28 09:10:13,Debit Card,Pending,53.119.239.12
TXN000042,CUST00149,344083432,558.52,Transfer,Merchant E,2025-06-09 09:10:13,Cash,Completed,255.34.103.102
TXN000043,CUST00055,902729486,3340.52,Withdrawal,Merchant B,2025-03-03 09:10:13,Bank Transfer,Failed,174.117.106.51
TXN000044,CUST00064,263812218,1975.25,Withdrawal,Merchant E,2025-06-30 09:10:13,Credit Card,Pending,65.255.64.189
TXN000045,CUST00006,690336679,-513.72,Withdrawal,Merchant G,2025-09-08 09:10:13,Bank Transfer,Failed,84.220.191.25
TXN000046,CUST00026,309416605,321.1,Withdrawal,Merchant C,2025-09-04 09:10:13,Bank Transfer,Pending,8.25.194.202
TXN000047,CUST00043,802428893,3099.55,Purchase,Merchant E,2025-04-12 09:10:13,Bank Transfer,Failed,232.91.200.101
TXN000048,CUST00056,719221429,-543.21,Purchase,Merchant E,2025-07-03 09:10:13,Credit Card,Failed,163.76.12.84
TXN000049,CUST00092,245996495,4107.24,Payment,Merchant B,2025-03-22 09:10:13,Debit Card,Failed,11.70.86.154
TXN000050,CUST00097,692441751,1970.88,Transfer,Merchant B,2024-12-20 09:10:13,Check,Pending,204.44.48.94
TXN000051,CUST00141,914298969,1883.52,Purchase,Merchant F,2025-07-09 09:10:13,Cash,Pending,251.126.255.222
TXN000052,CUST00019,360567112,2554.45,Deposit,Merchant F,2025-09-10 09:10:13,Cash,Completed,210.6.43.104
TXN000053,CUST00157,850514093,3948.09,Transfer,Merchant B,2024-12-11 09:10:13,Cash,Failed,101.71.56.189
TXN000054,CUST00044,639719782,1086.86,Deposit,Merchant B,2025-07-31 09:10:13,Cash,Completed,173.190.122.120
TXN000055,CUST00068,213893571,3068.1,Purchase,Merchant F,2025-05-25 09:10:13,Cash,Pending,49.32.43.12
TXN000056,CUST00097,583400236,2394.39,Payment,Merchant E,2024-10-28 09:10:13,Bank Transfer,Failed,242.25.18.44
TXN000057,CUST00129,122360417,602.17,Deposit,Merchant D,2024-11-17 09:10:13,Credit Card,Completed,241.47.37.248
TXN000058,CUST00048,306452164,4271.78,Withdrawal,Merchant D,2025-02-02 09:10:13,Debit Card,Completed,157.215.226.212
TXN000059,CUST00107,234274836,3784.56,Deposit,Merchant D,2025-05-05 09:10:13,Credit Card,Failed,159.199.81.151
TXN000060,CUST00081,418246339,2950.71,Transfer,Merchant C,2025-07-05 09:10:13,Debit Card,Completed,191.100.201.242
TXN000061,CUST00017,178636138,4103.49,Withdrawal,Merchant A,2025-01-04 09:10:13,Bank Transfer,Failed,212.227.14.239
TXN000062,CUST00121,293282144,4203.77,Payment,Merchant D,2024-12-07 09:10:13,Cash,Completed,7.5.12.179
TXN000063,CUST00105,501358931,3250.18,Transfer,Merchant A,2025-02-06 09:10:13,Cash,Pending,62.49.17.19
TXN000064,CUST00125,261655631,4022.08,Transfer,Merchant G,2024-10-14 09:10:13,Bank Transfer,Failed,175.6.254.13
TXN000065,CUST00158,582688774,3184.83,Purchase,Merchant E,2025-03-19 09:10:13,Credit Card,Failed,227.195.10.9
TXN000066,CUST00013,290973183,3080.84,Withdrawal,Merchant B,2025-08-05 09:10:13,Debit Card,Failed,129.208.223.108
TXN000067,CUST00116,393254643,2711.67,Payment,Merchant G,2025-02-27 09:10:13,Cash,Pending,23.32.89.254
TXN000068,CUST00026,234732190,3516.3,Transfer,Merchant A,2025-09-01 09:10:13,Check,Pending,31.116.130.162
TXN000069,CUST00007,922367494,-48.37,Transfer,Merchant A,2024-12-19 09:10:13,Check,Failed,29.232.44.81
TXN000070,CUST00055,577544312,4285.22,Payment,Merchant A,2025-09-02 09:10:13,Check,Completed,10.193.202.66
TXN000071,CUST00041,554447610,4231.06,Transfer,Merchant A,2025-06-10 09:10:13,Bank Transfer,Completed,20.28.177.14
TXN000072,CUST00033,509968934,-824.52,Withdrawal,Merchant A,2025-07-01 09:10:13,Debit Card,Failed,59.128.214.137
TXN000073,CUST00127,148577902,3954.9,Transfer,Merchant C,2025-06-27 09:10:13,Bank Transfer,Failed,31.168.80.186
TXN000074,CUST00182,356789477,-226.78,Purchase,Merchant E,2024-12-13 09:10:13,Credit Card,Completed,51.48.148.20
TXN000075,CUST00022,262692342,1010.71,Withdrawal,Merchant E,2025-08-25 09:10:13,Credit Card,Pending,164.175.32.18
TXN000076,CUST00029,609215589,3461.05,Deposit,Merchant D,2025-04-12 09:10:13,Bank Transfer,Failed,87.194.141.229
TXN000077,CUST00117,422632281,-35.44,Transfer,Merchant D,2025-08-31 09:10:13,Check,Pending,228.163.203.170
TXN000078,CUST00172,303254361,3907.8,Purchase,Merchant E,2024-12-30 09:10:13,Debit Card,Pending,17.69.171.249
TXN000079,CUST00159,287425485,3992.81,Purchase,Merchant D,2025-07-07 09:10:13,Debit Card,Pending,241.147.204.120
TXN000080,CUST00061,348918543,2044.81,Deposit,Merchant F,2025-08-22 09:10:13,Credit Card,Completed,12.212.51.60
TXN000081,CUST00180,808895830,-961.68,Deposit,Merchant B,2025-04-26 09:10:13,Credit Card,Pending,243.160.100.199
TXN000082,CUST00193,518561101,722.23,Payment,Merchant B,2025-05-04 09:10:13,Credit Card,Pending,118.174.182.37
TXN000083,CUST00187,470523432,2701.56,Payment,Merchant B,2025-03-12 09:10:13,Debit Card,Completed,243.229.87.25
TXN000084,CUST00033,104415526,4887.12,Deposit,Merchant A,2024-12-01 09:10:13,Credit Card,Pending,196.252.42.71
TXN000085,CUST00025,687718311,2790.88,Payment,Merchant F,2025-03-21 09:10:13,Check,Pending,172.214.69.145
TXN000086,CUST00042,369516989,558.82,Transfer,Merchant G,2025-06-20 09:10:13,Check,Pending,56.181.201.67
TXN000087,CUST00031,454456215,2804.03,Payment,Merchant D,2025-03-12 09:10:13,Cash,Completed,119.13.194.75
TXN000088,CUST00099,125067308,2239.91,Transfer,Merchant A,2025-01-27 09:10:13,Check,Failed,3.192.196.182
TXN000089,CUST00076,431911585,3679.07,Withdrawal,Merchant E,2025-02-07 09:10:13,Credit Card,Pending,233.96.142.19
TXN000090,CUST00194,105428250,-358.12,Purchase,Merchant D,2025-04-23 09:10:13,Bank Transfer,Completed,160.105.4.238
TXN000091,CUST00125,256075301,3566.17,Transfer,Merchant C,2025-06-12 09:10:13,Debit Card,Pending,201.204.128.56
TXN000092,CUST00102,223782065,2247.6,Withdrawal,Merchant E,2025-08-24 09:10:13,Check,Failed,196.216.241.22
TXN000093,CUST00058,480065479,4777.95,Purchase,Merchant B,2025-06-09 09:10:13,Credit Card,Failed,29.159.85.157
TXN000094,CUST00105,518899791,1051.23,Transfer,Merchant F,2025-04-29 09:10:13,Check,Pending,228.48.91.83
TXN000095,CUST00176,163229306,2795.73,Transfer,Merchant F,2025-05-08 09:10:13,Debit Card,Completed,245.171.133.132
TXN000096,CUST00140,980922058,4592.17,Withdrawal,Merchant D,2025-07-18 09:10:13,Debit Card,Completed,131.78.218.223
TXN000097,CUST00165,133089547,-384.94,Transfer,Merchant F,2025-05-09 09:10:13,Check,Completed,80.208.152.88
TXN000098,CUST00065,735955553,4623.37,Deposit,Merchant A,2024-12-04 09:10:13,Credit Card,Failed,249.105.199.31
TXN000099,CUST00101,530902142,3127.31,Transfer,Merchant G,2025-04-24 09:10:13,Check,Pending,118.53.190.104
TXN000100,CUST00082,483696073,-592.98,Purchase,Merchant G,2025-01-27 09:10:13,Check,Failed,73.194.54.215
TXN000101,CUST00169,598130633,805.78,Transfer,Merchant A,2025-01-10 09:10:13,Debit Card,Failed,195.218.5.226
TXN000102,CUST00001,590082530,3249.03,Withdrawal,Merchant B,2024-10-15 09:10:13,Bank Transfer,Completed,70.36.173.95
TXN000103,CUST00008,841018807,-595.9,Withdrawal,Merchant F,2024-10-19 09:10:13,Credit Card,Failed,112.224.142.240
TXN000104,CUST00166,985873651,2493.02,Withdrawal,Merchant D,2025-01-08 09:10:13,Cash,Failed,35.15.214.89
TXN000105,CUST00135,781315903,1075.3,Transfer,Merchant E,2025-09-12 09:10:13,Cash,Failed,47.163.114.46
TXN000106,CUST00192,618662177,2725.49,Purchase,Merchant C,2025-02-01 09:10:13,Cash,Failed,115.103.26.112
TXN000107,CUST00198,316427498,-725.55,Deposit,Merchant F,2025-01-09 09:10:13,Check,Completed,145.92.72.188
TXN000108,CUST00092,730855655,4229.22,Transfer,Merchant C,2025-05-30 09:10:13,Debit Card,Completed,57.234.30.54
TXN000109,CUST00105,653332832,4840.93,Deposit,Merchant B,2025-07-14 09:10:13,Debit Card,Pending,110.136.129.236
TXN000110,CUST00189,560998273,4813.27,Purchase,Merchant D,2025-08-11 09:10:13,Cash,Pending,251.79.230.156
TXN000111,CUST00194,339381371,3497.91,Purchase,Merchant B,2024-11-07 09:10:13,Cash,Completed,144.91.186.30
TXN000112,CUST00184,765038829,-219.48,Payment,Merchant C,2024-11-02 09:10:13,Cash,Pending,167.131.134.47
TXN000113,CUST00165,907799267,3549.58,Deposit,Merchant D,2025-04-10 09:10:13,Debit Card,Failed,79.68.31.54
TXN000114,CUST00108,935950482,-852.48,Deposit,Merchant B,2024-10-25 09:10:13,Bank Transfer,Completed,24.250.175.115
TXN000115,CUST00017,691520592,-867.26,Payment,Merchant G,2025-03-02 09:10:13,Check,Completed,6.146.194.62
TXN000116,CUST00105,806607079,941.66,Purchase,Merchant A,2025-09-05 09:10:13,Debit Card,Pending,38.133.122.216
TXN000117,CUST00192,426347983,1931.86,Deposit,Merchant B,2025-01-30 09:10:13,Bank Transfer,Pending,27.226.166.193
TXN000118,CUST00013,196046796,3622.44,Purchase,Merchant D,2025-01-12 09:10:13,Credit Card,Failed,149.96.1.202
TXN000119,CUST00061,840340419,3099.77,Purchase,Merchant F,2025-07-09 09:10:13,Cash,Pending,20.127.121.197
TXN000120,CUST00097,834104736,1675.42,Payment,Merchant C,2025-04-08 09:10:13,Check,Pending,164.154.123.188
TXN000121,CUST00085,596807738,641.76,Payment,Merchant G,2025-07-25 09:10:13,Bank Transfer,Pending,69.59.209.145
TXN000122,CUST00194,731085365,4982.75,Withdrawal,Merchant A,2025-08-23 09:10:13,Bank Transfer,Completed,249.82.136.200
TXN000123,CUST00128,653109592,1557.09,Payment,Merchant D,2025-04-04 09:10:13,Debit Card,Pending,100.97.124.77
TXN000124,CUST00111,802805567,1708.32,Transfer,Merchant A,2025-01-03 09:10:13,Check,Completed,189.219.185.121
TXN000125,CUST00039,551640900,-18.26,Withdrawal,Merchant A,2025-04-12 09:10:13,Credit Card,Failed,11.77.20.89
TXN000126,CUST00042,581650487,3768.86,Transfer,Merchant A,2025-02-20 09:10:13,Bank Transfer,Completed,249.187.145.1
TXN000127,CUST00027,667548631,3162.09,Payment,Merchant C,2025-08-18 09:10:13,Check,Failed,246.243.164.183
TXN000128,CUST00180,687938843,324.62,Purchase,Merchant B,2025-01-17 09:10:13,Check,Pending,15.211.191.13
TXN000129,CUST00055,980540662,-505.71,Purchase,Merchant F,2025-07-31 09:10:13,Bank Transfer,Failed,113.206.254.248
TXN000130,CUST00075,268875363,3083.0,Payment,Merchant A,2024-12-25 09:10:13,Check,Completed,145.66.3.39
TXN000131,CUST00107,900107666,2927.07,Purchase,Merchant D,2025-06-26 09:10:13,Credit Card,Failed,90.80.216.165
TXN000132,CUST00091,443996404,639.56,Withdrawal,Merchant E,2025-02-07 09:10:13,Cash,Completed,56.182.99.65
TXN000133,CUST00002,437110847,4705.18,Deposit,Merchant C,2024-11-02 09:10:13,Bank Transfer,Failed,32.145.170.226
TXN000134,CUST00156,660243535,-93.65,Withdrawal,Merchant C,2024-12-12 09:10:13,Bank Transfer,Failed,242.27.105.145
TXN000135,CUST00120,658046523,1594.01,Transfer,Merchant A,2025-05-21 09:10:13,Bank Transfer,Failed,191.234.12.73
TXN000136,CUST00009,748875538,4661.7,Transfer,Merchant E,2024-10-27 09:10:13,Bank Transfer,Completed,42.198.131.69
TXN000137,CUST00080,259237079,1518.36,Purchase,Merchant D,2025-09-08 09:10:13,Cash,Completed,181.179.25.172
TXN000138,CUST00139,238719802,2831.16,Purchase,Merchant A,2024-12-01 09:10:13,Check,Pending,171.217.97.174
TXN000139,CUST00158,871929313,1385.57,Payment,Merchant D,2025-01-18 09:10:13,Bank Transfer,Completed,45.24.50.103
TXN000140,CUST00076,615697688,645.29,Deposit,Merchant A,2025-01-28 09:10:13,Check,Failed,124.50.84.182
TXN000141,CUST00052,232231439,4903.87,Purchase,Merchant F,2025-06-15 09:10:13,Check,Failed,26.22.230.149
TXN000142,CUST00145,225368267,1456.0,Purchase,Merchant D,2025-05-22 09:10:13,Check,Completed,46.124.135.143
TXN000143,CUST00194,926911865,4364.6,Payment,Merchant E,2025-01-19 09:10:13,Bank Transfer,Failed,252.250.255.53
TXN000144,CUST00181,721210314,379.73,Deposit,Merchant B,2025-02-15 09:10:13,Credit Card,Pending,52.175.217.228
TXN000145,CUST00196,812866981,278.63,Withdrawal,Merchant C,2025-08-03 09:10:13,Debit Card,Pending,131.125.254.107
TXN000146,CUST00026,416027399,-813.2,Transfer,Merchant E,2025-03-22 09:10:13,Debit Card,Completed,151.8.163.188
TXN000147,CUST00097,751813110,2910.0,Transfer,Merchant B,2024-10-22 09:10:13,Bank Transfer,Completed,65.137.67.195
TXN000148,CUST00015,333424753,1211.16,Deposit,Merchant A,2024-10-31 09:10:13,Cash,Failed,156.25.159.155
TXN000149,CUST00064,675347756,4186.15,Payment,Merchant B,2025-02-19 09:10:13,Bank Transfer,Failed,247.232.131.150
TXN000150,CUST00022,385858626,1839.26,Payment,Merchant B,2024-12-24 09:10:13,Debit Card,Failed,137.115.79.90
TXN000151,CUST00029,227767946,4809.16,Payment,Merchant E,2025-03-21 09:10:13,Bank Transfer,Completed,150.195.132.162
TXN000152,CUST00063,396318319,113.15,Transfer,Merchant D,2025-08-19 09:10:13,Credit Card,Completed,78.94.88.151
TXN000153,CUST00157,825562159,4211.74,Withdrawal,Merchant C,2024-11-15 09:10:13,Credit Card,Failed,206.156.120.244
TXN000154,CUST00185,510088131,3659.58,Deposit,Merchant E,2024-10-30 09:10:13,Credit Card,Failed,171.40.241.237
TXN000155,CUST00021,208681264,3625.53,Purchase,Merchant B,2025-06-12 09:10:13,Credit Card,Completed,241.233.154.204
TXN000156,CUST00192,481804323,4068.7,Deposit,Merchant G,2025-05-10 09:10:13,Check,Pending,20.78.205.60
TXN000157,CUST00122,571106857,3566.14,Payment,Merchant D,2024-11-15 09:10:13,Check,Pending,13.148.73.195
TXN000158,CUST00175,227418060,2757.32,Transfer,Merchant D,2025-09-13 09:10:13,Credit Card,Failed,100.98.124.119
TXN000159,CUST00193,734202906,-212.53,Payment,Merchant D,2024-10-26 09:10:13,Bank Transfer,Pending,30.185.151.119
TXN000160,CUST00139,556523901,-804.84,Withdrawal,Merchant G,2025-01-03 09:10:13,Credit Card,Completed,154.173.255.165
TXN000161,CUST00135,394339511,4525.09,Purchase,Merchant C,2024-12-30 09:10:13,Bank Transfer,Failed,50.55.143.194
TXN000162,CUST00161,385005367,2699.9,Purchase,Merchant B,2024-12-22 09:10:13,Bank Transfer,Failed,42.66.192.48
TXN000163,CUST00026,887975209,3779.22,Deposit,Merchant F,2025-03-04 09:10:13,Cash,Pending,158.8.74.136
TXN000164,CUST00089,828569812,1889.13,Withdrawal,Merchant D,2025-09-02 09:10:13,Debit Card,Pending,211.121.38.126
TXN000165,CUST00030,423643986,-296.15,Transfer,Merchant C,2024-12-14 09:10:13,Credit Card,Failed,191.133.140.70
TXN000166,CUST00058,867448965,-248.89,Purchase,Merchant E,2024-10-20 09:10:13,Debit Card,Pending,106.26.227.253
TXN000167,CUST00118,658529444,3113.39,Purchase,Merchant G,2025-01-31 09:10:13,Credit Card,Failed,100.8.255.189
TXN000168,CUST00100,931193458,1581.84,Withdrawal,Merchant G,2025-09-08 09:10:13,Credit Card,Failed,216.151.87.207
TXN000169,CUST00105,590921053,203.15,Withdrawal,Merchant B,2025-01-13 09:10:13,Debit Card,Failed,237.81.131.176
TXN000170,CUST00033,222290019,1949.57,Payment,Merchant E,2025-03-12 09:10:13,Bank Transfer,Pending,7.95.169.148
TXN000171,CUST00031,814092074,-614.75,Withdrawal,Merchant G,2025-02-23 09:10:13,Check,Failed,12.206.234.55
TXN000172,CUST00075,664621411,2491.83,Withdrawal,Merchant B,2024-10-30 09:10:13,Bank Transfer,Failed,51.223.241.28
TXN000173,CUST00065,372803979,613.96,Purchase,Merchant F,2025-07-30 09:10:13,Debit Card,Failed,42.195.10.222
TXN000174,CUST00026,471840742,3785.35,Purchase,Merchant A,2025-07-06 09:10:13,Bank Transfer,Pending,20.157.55.92
TXN000175,CUST00099,673325031,862.17,Payment,Merchant E,2025-04-30 09:10:13,Check,Completed,60.161.151.103
TXN000176,CUST00049,172433438,1731.32,Withdrawal,Merchant D,2025-06-28 09:10:13,Bank Transfer,Pending,185.76.40.95
TXN000177,CUST00106,933259979,-930.28,Payment,Merchant B,2025-07-18 09:10:13,Debit Card,Completed,76.155.17.191
TXN000178,CUST00021,449225693,-565.32,Payment,Merchant G,2024-11-12 09:10:13,Check,Failed,11.147.203.94
TXN000179,CUST00108,323183744,1354.96,Withdrawal,Merchant F,2025-03-01 09:10:13,Check,Failed,210.61.254.158
TXN000180,CUST00022,270285128,1879.63,Withdrawal,Merchant A,2025-01-22 09:10:13,Bank Transfer,Failed,134.62.228.67
TXN000181,CUST00160,280167249,2600.12,Payment,Merchant D,2024-10-03 09:10:13,Debit Card,Pending,183.1.76.196
TXN000182,CUST00118,868822142,749.98,Payment,Merchant G,2024-10-21 09:10:13,Check,Completed,5.188.105.231
TXN000183,CUST00063,231103220,3169.89,Transfer,Merchant B,2025-03-04 09:10:13,Credit Card,Completed,254.12.29.189
TXN000184,CUST00091,423031059,4160.73,Purchase,Merchant B,2025-08-17 09:10:13,Debit Card,Pending,213.131.11.61
TXN000185,CUST00188,249793587,3679.11,Withdrawal,Merchant D,2025-04-04 09:10:13,Bank Transfer,Pending,253.32.171.59
TXN000186,CUST00127,866621205,-762.29,Payment,Merchant A,2025-03-18 09:10:13,Check,Completed,243.10.106.223
TXN000187,CUST00065,650079479,1883.04,Payment,Merchant C,2025-04-13 09:10:13,Bank Transfer,Failed,185.110.64.138
TXN000188,CUST00055,894148441,-370.42,Purchase,Merchant B,2025-07-16 09:10:13,Debit Card,Pending,10.227.138.228
TXN000189,CUST00165,828946954,452.27,Withdrawal,Merchant G,2025-03-12 09:10:13,Debit Card,Completed,90.116.103.15
TXN000190,CUST00120,487712538,4919.98,Deposit,Merchant D,2025-01-10 09:10:13,Debit Card,Failed,154.199.24.37
TXN000191,CUST00136,962493085,-145.03,Transfer,Merchant E,2025-09-05 09:10:13,Credit Card,Failed,231.247.56.245
TXN000192,CUST00004,818763440,1993.33,Transfer,Merchant E,2024-11-16 09:10:13,Bank Transfer,Completed,35.63.16.99
TXN000193,CUST00183,793678522,2708.93,Withdrawal,Merchant A,2024-11-10 09:10:13,Check,Completed,208.94.141.62
TXN000194,CUST00199,581815731,3214.79,Withdrawal,Merchant G,2024-12-11 09:10:13,Debit Card,Pending,102.217.1.51
TXN000195,CUST00165,487082999,2357.89,Deposit,Merchant D,2025-04-11 09:10:13,Credit Card,Completed,124.109.84.222
TXN000196,CUST00086,360838664,-941.37,Payment,Merchant C,2024-09-29 09:10:13,Cash,Completed,155.94.116.100
TXN000197,CUST00062,237084789,958.77,Payment,Merchant C,2025-08-26 09:10:13,Check,Pending,255.217.109.193
TXN000198,CUST00196,901759565,2106.27,Payment,Merchant F,2025-09-06 09:10:13,Check,Pending,150.140.199.179
TXN000199,CUST00037,380721148,-472.8,Payment,Merchant G,2025-03-18 09:10:13,Bank Transfer,Completed,128.204.90.67
TXN000200,CUST00186,742492026,1103.76,Deposit,Merchant D,2025-05-09 09:10:13,Cash,Pending,239.204.183.87
TXN000201,CUST00005,467465893,-800.78,Withdrawal,Merchant D,2025-01-17 09:10:13,Cash,Pending,26.231.217.33
TXN000202,CUST00100,379017572,-528.53,Deposit,Merchant A,2024-11-12 09:10:13,Debit Card,Completed,239.158.119.46
TXN000203,CUST00092,975288573,1381.54,Withdrawal,Merchant D,2025-08-04 09:10:13,Debit Card,Failed,104.122.7.167
TXN000204,CUST00032,562648477,-203.71,Withdrawal,Merchant G,2025-01-26 09:10:13,Credit Card,Completed,42.193.30.111
TXN000205,CUST00092,675984469,2405.25,Purchase,Merchant F,2025-09-03 09:10:13,Bank Transfer,Pending,90.165.60.199
TXN000206,CUST00112,134154595,3136.79,Deposit,Merchant B,2024-11-23 09:10:13,Check,Pending,20.250.20.100
TXN000207,CUST00092,376203516,3803.52,Payment,Merchant C,2025-05-30 09:10:13,Debit Card,Completed,142.23.148.161
TXN000208,CUST00156,282310765,200.9,Deposit,Merchant D,2024-10-30 09:10:13,Credit Card,Pending,69.187.201.112
TXN000209,CUST00019,488238917,4.9,Purchase,Merchant C,2025-02-16 09:10:13,Cash,Pending,206.2.72.66
TXN000210,CUST00072,118946233,-372.59,Withdrawal,Merchant F,2024-12-22 09:10:13,Cash,Pending,248.15.10.38
TXN000211,CUST00112,431825252,2818.58,Purchase,Merchant D,2025-06-07 09:10:13,Credit Card,Failed,19.124.175.44
TXN000212,CUST00046,752383428,3238.85,Deposit,Merchant B,2024-11-18 09:10:13,Check,Completed,252.77.58.216
TXN000213,CUST00009,568491081,-810.48,Purchase,Merchant C,2024-10-27 09:10:13,Debit Card,Completed,83.78.69.43
TXN000214,CUST00001,749437754,4617.27,Deposit,Merchant F,2025-03-18 09:10:13,Check,Pending,98.117.167.38
TXN000215,CUST00011,376514160,-688.17,Payment,Merchant E,2024-11-10 09:10:13,Check,Failed,163.153.216.247
TXN000216,CUST00001,318392110,2247.78,Deposit,Merchant A,2024-10-24 09:10:13,Check,Failed,43.163.160.251
TXN000217,CUST00089,756494651,3254.36,Withdrawal,Merchant A,2024-10-15 09:10:13,Credit Card,Completed,220.183.45.40
TXN000218,CUST00145,771229895,4225.81,Purchase,Merchant E,2025-06-15 09:10:13,Debit Card,Pending,226.133.30.115
TXN000219,CUST00186,129355825,3284.52,Withdrawal,Merchant A,2025-07-28 09:10:13,Check,Failed,118.254.123.191
TXN000220,CUST00054,869817210,3810.37,Purchase,Merchant D,2024-10-08 09:10:13,Check,Completed,213.175.45.176
TXN000221,CUST00014,787325058,1036.7,Transfer,Merchant C,2025-01-29 09:10:13,Debit Card,Completed,194.186.117.211
TXN000222,CUST00033,127922098,3888.95,Payment,Merchant G,2025-08-29 09:10:13,Check,Failed,68.152.125.186
TXN000223,CUST00173,812163596,-519.31,Payment,Merchant A,2025-03-18 09:10:13,Credit Card,Failed,249.163.67.13
TXN000224,CUST00144,212200933,4368.9,Deposit,Merchant G,2024-10-21 09:10:13,Check,Failed,226.146.59.55
TXN000225,CUST00188,932985501,2285.55,Withdrawal,Merchant D,2024-12-11 09:10:13,Debit Card,Pending,85.27.155.148
TXN000226,CUST00089,609854820,3903.79,Purchase,Merchant G,2025-03-14 09:10:13,Bank Transfer,Completed,167.220.9.94
TXN000227,CUST00069,590621453,1713.91,Payment,Merchant G,2024-11-02 09:10:13,Debit Card,Failed,39.68.123.150
TXN000228,CUST00187,767529915,2861.47,Deposit,Merchant G,2024-12-11 09:10:13,Cash,Failed,236.158.43.120
TXN000229,CUST00133,464580959,2158.42,Deposit,Merchant B,2024-10-28 09:10:13,Bank Transfer,Completed,58.189.111.84
TXN000230,CUST00165,150039412,3389.54,Withdrawal,Merchant F,2024-12-07 09:10:13,Cash,Completed,17.137.89.215
TXN000231,CUST00143,844969068,-510.22,Payment,Merchant G,2025-06-16 09:10:13,Check,Failed,115.102.39.122
TXN000232,CUST00200,187045578,-637.89,Deposit,Merchant B,2025-08-20 09:10:13,Check,Failed,91.150.235.23
TXN000233,CUST00178,183691203,482.62,Transfer,Merchant D,2024-12-17 09:10:13,Bank Transfer,Completed,126.97.127.57
TXN000234,CUST00093,747403485,-42.73,Deposit,Merchant D,2025-02-09 09:10:13,Bank Transfer,Pending,100.126.214.250
TXN000235,CUST00144,180165084,4230.7,Purchase,Merchant E,2025-07-21 09:10:13,Debit Card,Completed,61.146.184.200
TXN000236,CUST00153,124337791,315.28,Purchase,Merchant B,2025-03-12 09:10:13,Debit Card,Failed,81.87.86.246
TXN000237,CUST00198,737905680,4855.19,Purchase,Merchant B,2025-06-11 09:10:13,Cash,Failed,88.173.6.139
TXN000238,CUST00178,944034507,1021.37,Transfer,Merchant A,2025-09-09 09:10:13,Check,Pending,15.166.143.160
TXN000239,CUST00141,508789897,92.71,Transfer,Merchant D,2025-07-02 09:10:13,Cash,Pending,147.205.66.233
TXN000240,CUST00174,973988058,3738.19,Purchase,Merchant E,2025-01-13 09:10:13,Cash,Completed,94.153.81.188
TXN000241,CUST00038,869894556,2952.25,Payment,Merchant F,2024-12-05 09:10:13,Cash,Failed,135.18.82.104
TXN000242,CUST00129,502939862,1989.17,Withdrawal,Merchant A,2025-02-22 09:10:13,Credit Card,Pending,61.104.237.4
TXN000243,CUST00194,758540415,2332.18,Withdrawal,Merchant D,2024-09-30 09:10:13,Debit Card,Completed,199.112.147.123
TXN000244,CUST00085,325519732,3315.21,Payment,Merchant B,2025-01-05 09:10:13,Check,Failed,240.233.97.222
TXN000245,CUST00107,319185418,370.73,Deposit,Merchant E,2025-08-24 09:10:13,Check,Completed,24.4.221.44
TXN000246,CUST00191,280484423,4978.0,Payment,Merchant B,2024-10-16 09:10:13,Credit Card,Failed,123.125.40.222
TXN000247,CUST00052,769800151,4848.76,Transfer,Merchant G,2025-04-11 09:10:13,Credit Card,Completed,104.149.248.162
TXN000248,CUST00143,764492517,2901.95,Deposit,Merchant B,2025-01-23 09:10:13,Debit Card,Failed,210.116.212.106
TXN000249,CUST00190,842615632,197.25,Deposit,Merchant G,2025-05-29 09:10:13,Check,Failed,112.160.138.68
TXN000250,CUST00108,269959545,3081.37,Purchase,Merchant B,2025-05-15 09:10:13,Cash,Completed,154.208.168.217
TXN000251,CUST00150,870678560,-566.81,Purchase,Merchant A,2025-06-25 09:10:13,Debit Card,Pending,202.78.153.3
TXN000252,CUST00173,438988552,-816.08,Withdrawal,Merchant C,2025-02-24 09:10:13,Credit Card,Pending,231.237.180.235
TXN000253,CUST00053,281148753,546.1,Purchase,Merchant B,2025-06-14 09:10:13,Cash,Pending,155.236.139.123
TXN000254,CUST00095,524901610,1775.74,Withdrawal,Merchant D,2025-03-12 09:10:13,Bank Transfer,Pending,158.22.163.206
TXN000255,CUST00057,639539052,4209.64,Transfer,Merchant D,2025-01-20 09:10:13,Check,Completed,229.211.221.252
TXN000256,CUST00164,297474521,3363.01,Transfer,Merchant C,2025-04-06 09:10:13,Debit Card,Failed,82.62.56.200
TXN000257,CUST00082,952027453,3456.24,Purchase,Merchant G,2024-09-30 09:10:13,Check,Completed,54.204.119.235
TXN000258,CUST00111,242267204,1552.96,Purchase,Merchant G,2024-12-13 09:10:13,Check,Pending,106.216.105.43
TXN000259,CUST00064,484752314,1075.61,Transfer,Merchant F,2025-04-14 09:10:13,Bank Transfer,Completed,37.159.74.39
TXN000260,CUST00178,401910935,1226.23,Purchase,Merchant A,2025-04-28 09:10:13,Cash,Pending,147.254.86.105
TXN000261,CUST00090,502751774,4925.9,Payment,Merchant G,2025-01-09 09:10:13,Cash,Completed,39.3.25.255
TXN000262,CUST00083,518896617,-759.34,Transfer,Merchant A,2025-07-28 09:10:13,Check,Pending,36.50.83.55
TXN000263,CUST00019,674492575,4202.19,Payment,Merchant D,2025-06-04 09:10:13,Check,Completed,189.201.7.149
TXN000264,CUST00198,836999969,2472.05,Withdrawal,Merchant E,2024-12-17 09:10:13,Check,Failed,110.22.139.39
TXN000265,CUST00165,706815777,1631.69,Transfer,Merchant D,2024-11-01 09:10:13,Debit Card,Pending,56.21.32.29
TXN000266,CUST00191,771819087,3351.55,Deposit,Merchant D,2025-08-03 09:10:13,Credit Card,Pending,2.206.199.135
TXN000267,CUST00050,494096425,1920.01,Transfer,Merchant D,2025-08-31 09:10:13,Debit Card,Failed,200.135.39.62
TXN000268,CUST00082,504116836,4240.54,Transfer,Merchant F,2025-01-17 09:10:13,Credit Card,Pending,5.111.226.249
TXN000269,CUST00143,957934565,4404.21,Withdrawal,Merchant B,2025-05-17 09:10:13,Credit Card,Failed,14.3.227.114
TXN000270,CUST00182,472633114,1530.33,Payment,Merchant E,2024-10-27 09:10:13,Cash,Pending,70.225.176.117
TXN000271,CUST00152,943252099,660.97,Transfer,Merchant B,2024-12-25 09:10:13,Credit Card,Completed,173.215.233.62
TXN000272,CUST00055,273040118,2554.1,Transfer,Merchant B,2024-10-26 09:10:13,Cash,Failed,149.9.64.235
TXN000273,CUST00147,941440562,4474.18,Purchase,Merchant B,2025-01-24 09:10:13,Bank Transfer,Pending,93.13.33.239
TXN000274,CUST00173,291845696,263.97,Withdrawal,Merchant D,2024-11-07 09:10:13,Check,Completed,86.123.181.47
TXN000275,CUST00080,522742579,2737.8,Purchase,Merchant A,2025-02-04 09:10:13,Bank Transfer,Pending,135.65.118.167
TXN000276,CUST00006,680893999,2789.36,Deposit,Merchant B,2024-11-07 09:10:13,Bank Transfer,Failed,234.111.3.241
TXN000277,CUST00178,409983666,3398.68,Deposit,Merchant G,2025-05-19 09:10:13,Bank Transfer,Completed,92.123.255.234
TXN000278,CUST00185,139422377,-210.59,Deposit,Merchant D,2025-02-10 09:10:13,Cash,Completed,193.140.174.149
TXN000279,CUST00023,653689940,3294.95,Transfer,Merchant C,2025-04-17 09:10:13,Credit Card,Completed,27.212.201.139
TXN000280,CUST00075,466533994,4454.2,Transfer,Merchant E,2025-04-07 09:10:13,Credit Card,Pending,129.248.142.123
TXN000281,CUST00098,192331877,78.1,Purchase,Merchant G,2025-07-30 09:10:13,Credit Card,Completed,63.149.63.28
TXN000282,CUST00117,125814870,425.26,Withdrawal,Merchant B,2024-10-30 09:10:13,Cash,Pending,216.27.251.210
TXN000283,CUST00025,295130808,4828.37,Deposit,Merchant E,2024-10-04 09:10:13,Cash,Completed,74.246.41.149
TXN000284,CUST00100,453003763,85.86,Transfer,Merchant E,2024-09-22 09:10:13,Cash,Pending,221.208.249.53
TXN000285,CUST00018,321013839,4126.31,Transfer,Merchant C,2025-04-12 09:10:13,Cash,Failed,148.220.84.39
TXN000286,CUST00106,754959601,1953.67,Deposit,Merchant G,2025-04-17 09:10:13,Check,Completed,10.174.93.210
TXN000287,CUST00022,413588498,483.39,Deposit,Merchant C,2024-11-12 09:10:13,Bank Transfer,Completed,93.102.43.109
TXN000288,CUST00160,701127554,4224.5,Withdrawal,Merchant G,2025-01-17 09:10:13,Check,Failed,94.226.224.26
TXN000289,CUST00135,337548086,1671.83,Deposit,Merchant E,2025-06-10 09:10:13,Credit Card,Pending,228.195.220.125
TXN000290,CUST00102,330663147,2088.9,Purchase,Merchant G,2025-08-07 09:10:13,Credit Card,Completed,150.115.120.1
TXN000291,CUST00089,697261322,1155.4,Deposit,Merchant A,2025-07-26 09:10:13,Credit Card,Failed,187.244.137.8
TXN000292,CUST00034,634689168,2557.71,Transfer,Merchant E,2024-10-19 09:10:13,Credit Card,Failed,125.28.238.106
TXN000293,CUST00109,114740994,-18.86,Transfer,Merchant E,2025-02-19 09:10:13,Credit Card,Pending,68.88.204.7
TXN000294,CUST00172,693554558,1346.49,Transfer,Merchant G,2025-03-26 09:10:13,Bank Transfer,Pending,224.16.32.188
TXN000295,CUST00157,637993932,4816.47,Payment,Merchant E,2025-07-14 09:10:13,Cash,Completed,173.163.141.157
TXN000296,CUST00034,468988404,548.8,Deposit,Merchant B,2025-07-07 09:10:13,Credit Card,Completed,250.198.132.112
TXN000297,CUST00041,815495164,2940.42,Payment,Merchant G,2024-10-29 09:10:13,Bank Transfer,Pending,177.197.237.249
TXN000298,CUST00178,303896097,951.14,Payment,Merchant E,2024-11-11 09:10:13,Debit Card,Failed,213.55.247.111
TXN000299,CUST00012,903929433,3640.84,Purchase,Merchant D,2025-01-11 09:10:13,Check,Completed,96.200.81.152
TXN000300,CUST00170,500514181,-214.76,Withdrawal,Merchant A,2024-11-02 09:10:13,Check,Failed,193.226.190.212
TXN000301,CUST00129,630945418,4818.93,Payment,Merchant D,2025-03-24 09:10:13,Bank Transfer,Completed,33.116.223.182
TXN000302,CUST00165,990740679,1722.74,Purchase,Merchant C,2025-07-20 09:10:13,Debit Card,Pending,92.154.76.183
TXN000303,CUST00059,735581623,416.3,Withdrawal,Merchant C,2025-04-06 09:10:13,Cash,Pending,135.105.140.188
TXN000304,CUST00053,341131781,-559.02,Transfer,Merchant G,2024-12-11 09:10:13,Bank Transfer,Completed,176.162.47.132
TXN000305,CUST00092,487164022,18.55,Transfer,Merchant C,2025-07-28 09:10:13,Bank Transfer,Failed,26.213.73.201
TXN000306,CUST00144,336720892,2118.64,Purchase,Merchant A,2024-09-25 09:10:13,Debit Card,Failed,100.141.244.22
TXN000307,CUST00013,315879280,1022.02,Deposit,Merchant B,2025-09-03 09:10:13,Bank Transfer,Completed,108.64.229.128
TXN000308,CUST00079,115122519,3973.3,Deposit,Merchant D,2025-07-01 09:10:13,Debit Card,Completed,61.97.228.14
TXN000309,CUST00173,844510962,1585.33,Withdrawal,Merchant B,2025-01-10 09:10:13,Bank Transfer,Completed,64.39.243.5
TXN000310,CUST00084,152510008,492.29,Deposit,Merchant A,2025-05-06 09:10:13,Cash,Failed,173.204.215.110
TXN000311,CUST00029,863331431,2702.87,Transfer,Merchant G,2025-04-27 09:10:13,Credit Card,Failed,114.206.32.29
TXN000312,CUST00165,190330043,3240.66,Purchase,Merchant D,2025-06-10 09:10:13,Cash,Completed,152.246.131.255
TXN000313,CUST00082,227561384,2.25,Transfer,Merchant A,2025-05-10 09:10:13,Check,Failed,188.57.161.119
TXN000314,CUST00039,390408105,5.72,Deposit,Merchant B,2025-09-06 09:10:13,Check,Completed,119.242.169.247
TXN000315,CUST00194,298127653,-779.97,Transfer,Merchant D,2025-03-27 09:10:13,Bank Transfer,Completed,178.54.56.58
TXN000316,CUST00117,944802980,3418.41,Deposit,Merchant A,2025-07-31 09:10:13,Check,Completed,36.8.118.237
TXN000317,CUST00089,347994630,2982.83,Withdrawal,Merchant A,2025-02-03 09:10:13,Credit Card,Pending,103.41.208.216
TXN000318,CUST00058,109257880,1847.79,Purchase,Merchant A,2025-03-19 09:10:13,Cash,Pending,153.21.235.144
TXN000319,CUST00134,669258280,4065.02,Transfer,Merchant G,2024-12-22 09:10:13,Credit Card,Completed,41.143.38.66
TXN000320,CUST00189,236884655,3834.02,Payment,Merchant D,2025-07-28 09:10:13,Check,Completed,198.225.35.12
TXN000321,CUST00016,631112072,2512.13,Payment,Merchant C,2024-11-12 09:10:13,Debit Card,Pending,78.160.67.186
TXN000322,CUST00131,538483768,4209.63,Withdrawal,Merchant F,2025-07-11 09:10:13,Check,Failed,21.161.209.117
TXN000323,CUST00060,500768379,235.05,Deposit,Merchant E,2025-05-12 09:10:13,Debit Card,Failed,255.73.199.241
TXN000324,CUST00168,477500225,-328.48,Purchase,Merchant D,2025-01-25 09:10:13,Cash,Completed,60.12.128.183
TXN000325,CUST00085,252209937,618.5,Purchase,Merchant E,2025-07-12 09:10:13,Debit Card,Failed,182.189.9.118
TXN000326,CUST00010,522721949,-657.48,Payment,Merchant F,2025-07-10 09:10:13,Credit Card,Completed,239.190.224.190
TXN000327,CUST00017,566493303,2187.02,Purchase,Merchant C,2025-07-23 09:10:13,Debit Card,Completed,214.27.219.121
TXN000328,CUST00021,704086527,4619.63,Payment,Merchant A,2024-09-16 09:10:13,Credit Card,Failed,12.92.228.209
TXN000329,CUST00130,651549009,-763.94,Deposit,Merchant G,2025-03-29 09:10:13,Cash,Completed,150.7.43.70
TXN000330,CUST00148,519898261,-267.34,Transfer,Merchant E,2024-11-21 09:10:13,Bank Transfer,Completed,25.122.48.53
TXN000331,CUST00134,640255006,1713.19,Withdrawal,Merchant G,2024-09-17 09:10:13,Cash,Failed,12.198.200.72
TXN000332,CUST00171,134768823,4603.25,Withdrawal,Merchant C,2025-03-19 09:10:13,Bank Transfer,Pending,5.129.215.26
TXN000333,CUST00099,369958164,896.94,Payment,Merchant C,2025-08-21 09:10:13,Debit Card,Failed,9.77.179.84
TXN000334,CUST00071,349157412,2043.41,Withdrawal,Merchant A,2025-05-22 09:10:13,Cash,Pending,70.5.109.201
TXN000335,CUST00119,451162280,-750.56,Purchase,Merchant C,2025-05-16 09:10:13,Check,Completed,15.52.247.16
TXN000336,CUST00043,787810687,-109.94,Purchase,Merchant B,2024-11-06 09:10:13,Cash,Pending,158.3.155.237
TXN000337,CUST00041,376415308,4919.78,Transfer,Merchant D,2025-05-22 09:10:13,Debit Card,Failed,138.105.203.231
TXN000338,CUST00055,935475584,4790.71,Deposit,Merchant C,2025-04-18 09:10:13,Check,Pending,10.103.35.63
TXN000339,CUST00172,985726128,-970.36,Transfer,Merchant E,2025-04-11 09:10:13,Bank Transfer,Failed,125.59.212.55
TXN000340,CUST00076,910906009,4710.87,Withdrawal,Merchant D,2025-03-01 09:10:13,Credit Card,Pending,59.148.94.252
TXN000341,CUST00142,296502976,2834.72,Transfer,Merchant C,2025-02-04 09:10:13,Check,Failed,157.156.95.43
TXN000342,CUST00148,474359827,4207.51,Payment,Merchant G,2025-07-02 09:10:13,Bank Transfer,Pending,177.216.59.129
TXN000343,CUST00131,417622364,1728.44,Deposit,Merchant A,2025-01-20 09:10:13,Debit Card,Failed,170.69.77.96
TXN000344,CUST00074,614228698,2093.58,Deposit,Merchant F,2025-03-08 09:10:13,Check,Failed,27.104.156.108
TXN000345,CUST00013,531539824,1933.08,Withdrawal,Merchant C,2025-04-18 09:10:13,Check,Completed,191.93.76.249
TXN000346,CUST00158,819842566,3001.19,Withdrawal,Merchant F,2025-06-12 09:10:13,Check,Failed,56.35.113.73
TXN000347,CUST00121,504527190,-162.09,Deposit,Merchant B,2025-05-29 09:10:13,Check,Failed,169.233.8.5
TXN000348,CUST00078,983806959,-820.16,Deposit,Merchant G,2025-08-14 09:10:13,Credit Card,Failed,203.179.8.53
TXN000349,CUST00121,670766024,847.58,Deposit,Merchant B,2025-03-26 09:10:13,Credit Card,Completed,5.69.24.241
TXN000350,CUST00170,982264873,3228.08,Transfer,Merchant D,2025-02-28 09:10:13,Credit Card,Pending,26.51.247.1
TXN000351,CUST00037,550675184,211.12,Payment,Merchant B,2025-07-03 09:10:13,Bank Transfer,Pending,126.96.3.35
TXN000352,CUST00163,704055976,3040.59,Payment,Merchant D,2025-04-07 09:10:13,Debit Card,Completed,182.58.213.213
TXN000353,CUST00161,265929993,4819.47,Purchase,Merchant C,2025-06-05 09:10:13,Check,Completed,184.70.226.59
TXN000354,CUST00174,410479084,-436.6,Withdrawal,Merchant G,2025-03-29 09:10:13,Cash,Completed,6.155.71.116
TXN000355,CUST00183,849999004,3035.61,Deposit,Merchant E,2025-02-06 09:10:13,Credit Card,Pending,168.77.216.164
TXN000356,CUST00065,648458322,1662.5,Transfer,Merchant C,2024-12-08 09:10:13,Bank Transfer,Pending,197.38.238.159
TXN000357,CUST00020,379353745,4208.85,Transfer,Merchant D,2025-06-28 09:10:13,Credit Card,Pending,244.105.77.226
TXN000358,CUST00169,264286486,62.9,Deposit,Merchant F,2025-01-30 09:10:13,Debit Card,Failed,62.254.146.4
TXN000359,CUST00145,478714671,3155.76,Withdrawal,Merchant F,2025-08-18 09:10:13,Debit Card,Pending,195.43.238.16
TXN000360,CUST00139,735118556,4028.69,Withdrawal,Merchant D,2025-06-24 09:10:13,Cash,Pending,198.131.46.128
TXN000361,CUST00096,258598114,4667.69,Payment,Merchant C,2025-02-07 09:10:13,Credit Card,Pending,46.102.250.164
TXN000362,CUST00032,226876248,3099.49,Withdrawal,Merchant C,2025-06-22 09:10:13,Bank Transfer,Failed,52.49.87.194
TXN000363,CUST00044,210013173,1983.05,Withdrawal,Merchant E,2025-05-02 09:10:13,Bank Transfer,Pending,106.84.33.29
TXN000364,CUST00005,516552027,2707.08,Payment,Merchant B,2024-11-09 09:10:13,Credit Card,Failed,81.185.95.147
TXN000365,CUST00184,525055998,4213.43,Payment,Merchant B,2024-11-08 09:10:13,Credit Card,Completed,93.67.114.222
TXN000366,CUST00183,749208470,2423.66,Deposit,Merchant G,2024-12-28 09:10:13,Credit Card,Pending,188.141.146.200
TXN000367,CUST00069,513795629,-817.68,Transfer,Merchant A,2024-11-17 09:10:13,Debit Card,Pending,7.185.255.202
TXN000368,CUST00174,806563787,4585.69,Transfer,Merchant E,2025-03-08 09:10:13,Credit Card,Failed,5.117.175.252
TXN000369,CUST00154,355105279,3137.16,Deposit,Merchant C,2024-10-13 09:10:13,Bank Transfer,Completed,46.160.24.164
TXN000370,CUST00072,665711496,3059.08,Deposit,Merchant E,2024-12-04 09:10:13,Debit Card,Completed,72.12.163.53
TXN000371,CUST00133,299717326,294.05,Payment,Merchant G,2025-07-26 09:10:13,Check,Failed,233.36.236.141
TXN000372,CUST00007,890624718,2953.31,Transfer,Merchant C,2025-07-21 09:10:13,Bank Transfer,Pending,40.220.162.214
TXN000373,CUST00150,676826856,1363.19,Transfer,Merchant B,2024-10-27 09:10:13,Credit Card,Completed,216.40.166.67
TXN000374,CUST00047,713057688,2907.4,Deposit,Merchant B,2025-02-01 09:10:13,Debit Card,Failed,249.240.83.198
TXN000375,CUST00042,509574001,-360.44,Deposit,Merchant B,2025-01-19 09:10:13,Credit Card,Pending,106.137.2.175
TXN000376,CUST00079,480430547,2947.07,Deposit,Merchant E,2025-05-21 09:10:13,Bank Transfer,Failed,203.242.58.178
TXN000377,CUST00040,854012399,4996.48,Deposit,Merchant E,2025-05-18 09:10:13,Credit Card,Completed,253.124.71.69
TXN000378,CUST00155,202321540,-710.73,Deposit,Merchant D,2025-01-17 09:10:13,Debit Card,Completed,239.33.21.4
TXN000379,CUST00097,749392728,4863.05,Payment,Merchant F,2025-04-28 09:10:13,Cash,Completed,7.227.55.164
TXN000380,CUST00178,350033097,1441.45,Payment,Merchant A,2024-12-04 09:10:13,Check,Pending,158.214.93.37
TXN000381,CUST00022,881707508,4224.52,Withdrawal,Merchant F,2025-08-03 09:10:13,Cash,Pending,141.161.121.84
TXN000382,CUST00006,459993944,3694.31,Purchase,Merchant A,2025-01-20 09:10:13,Bank Transfer,Failed,113.120.204.144
TXN000383,CUST00098,935909885,2402.1,Purchase,Merchant A,2025-08-17 09:10:13,Bank Transfer,Pending,248.142.79.4
TXN000384,CUST00155,580047343,3430.7,Withdrawal,Merchant F,2025-06-20 09:10:13,Debit Card,Completed,245.50.25.131
TXN000385,CUST00104,275570448,4271.09,Payment,Merchant E,2024-10-13 09:10:13,Debit Card,Pending,79.92.140.159
TXN000386,CUST00111,306049010,1424.84,Withdrawal,Merchant C,2024-11-24 09:10:13,Check,Completed,222.55.220.226
TXN000387,CUST00050,535066221,962.2,Withdrawal,Merchant B,2025-03-04 09:10:13,Cash,Failed,174.6.140.135
TXN000388,CUST00140,952049308,3005.56,Payment,Merchant F,2025-08-09 09:10:13,Check,Pending,54.129.194.247
TXN000389,CUST00191,366728170,3847.08,Purchase,Merchant E,2024-12-23 09:10:13,Cash,Completed,62.127.7.23
TXN000390,CUST00025,817420665,3573.71,Withdrawal,Merchant B,2025-03-02 09:10:13,Debit Card,Failed,255.176.224.92
TXN000391,CUST00051,963647922,3786.88,Deposit,Merchant B,2025-03-31 09:10:13,Bank Transfer,Pending,194.13.154.25
TXN000392,CUST00102,739102683,1613.5,Transfer,Merchant B,2025-07-11 09:10:13,Cash,Pending,140.113.233.234
TXN000393,CUST00173,479834915,3907.01,Withdrawal,Merchant D,2025-08-28 09:10:13,Check,Completed,220.240.130.87
TXN000394,CUST00125,696126481,-278.75,Deposit,Merchant C,2025-09-01 09:10:13,Check,Pending,109.3.163.54
TXN000395,CUST00173,281121704,2266.93,Payment,Merchant E,2025-04-03 09:10:13,Credit Card,Failed,189.31.163.155
TXN000396,CUST00151,153228363,-965.45,Transfer,Merchant G,2025-03-28 09:10:13,Debit Card,Failed,72.126.242.47
TXN000397,CUST00139,661727476,947.51,Payment,Merchant B,2025-08-10 09:10:13,Bank Transfer,Pending,29.80.208.76
TXN000398,CUST00052,990389623,1198.77,Transfer,Merchant C,2025-01-13 09:10:13,Debit Card,Failed,197.3.82.103
TXN000399,CUST00174,818191789,1377.04,Purchase,Merchant B,2025-04-04 09:10:13,Credit Card,Completed,82.67.4.100
TXN000400,CUST00105,367894333,3172.8,Withdrawal,Merchant A,2024-12-22 09:10:13,Debit Card,Completed,202.119.152.212
TXN000401,CUST00057,698125486,1331.35,Deposit,Merchant F,2025-08-10 09:10:13,Credit Card,Failed,228.189.229.36
TXN000402,CUST00040,841679107,1692.16,Transfer,Merchant D,2024-12-28 09:10:13,Credit Card,Failed,244.227.101.8
TXN000403,CUST00145,581298403,425.26,Transfer,Merchant A,2025-06-15 09:10:13,Credit Card,Failed,60.29.62.122
TXN000404,CUST00132,246826337,1239.51,Payment,Merchant C,2025-08-11 09:10:13,Cash,Completed,23.34.83.182
TXN000405,CUST00125,581470377,363.62,Purchase,Merchant E,2025-07-26 09:10:13,Debit Card,Completed,93.118.55.180
TXN000406,CUST00142,691069561,-560.82,Transfer,Merchant C,2025-04-21 09:10:13,Check,Pending,164.69.145.43
TXN000407,CUST00167,278494798,2620.69,Transfer,Merchant C,2025-06-24 09:10:13,Debit Card,Failed,90.75.93.198
TXN000408,CUST00092,626272842,3009.28,Payment,Merchant D,2025-08-30 09:10:13,Debit Card,Completed,243.7.228.209
TXN000409,CUST00134,174241884,2716.94,Transfer,Merchant B,2025-06-09 09:10:13,Check,Pending,72.223.23.155
TXN000410,CUST00098,344902606,1780.96,Withdrawal,Merchant F,2025-06-24 09:10:13,Check,Pending,154.83.46.191
TXN000411,CUST00135,264445975,1278.71,Purchase,Merchant E,2024-10-24 09:10:13,Check,Completed,49.188.239.202
TXN000412,CUST00072,976074250,4180.0,Deposit,Merchant A,2025-08-11 09:10:13,Check,Pending,113.81.82.42
TXN000413,CUST00122,822148356,2114.49,Purchase,Merchant C,2025-03-23 09:10:13,Debit Card,Completed,247.220.219.186
TXN000414,CUST00158,175854569,1875.09,Transfer,Merchant B,2025-04-30 09:10:13,Bank Transfer,Pending,95.171.38.147
TXN000415,CUST00010,145480772,-846.15,Deposit,Merchant F,2024-10-18 09:10:13,Debit Card,Failed,173.14.74.198
TXN000416,CUST00145,427680134,1047.49,Transfer,Merchant G,2025-04-11 09:10:13,Bank Transfer,Pending,227.212.55.214
TXN000417,CUST00031,859073426,1281.17,Deposit,Merchant G,2024-10-02 09:10:13,Debit Card,Pending,162.237.80.74
TXN000418,CUST00076,596664693,1392.94,Withdrawal,Merchant B,2025-01-09 09:10:13,Credit Card,Pending,42.63.255.87
TXN000419,CUST00106,851556839,2481.03,Deposit,Merchant C,2025-02-21 09:10:13,Bank Transfer,Failed,254.84.164.59
TXN000420,CUST00196,834923249,2201.62,Withdrawal,Merchant D,2025-03-27 09:10:13,Bank Transfer,Failed,75.193.123.106
TXN000421,CUST00140,367875205,2647.43,Payment,Merchant F,2025-06-25 09:10:13,Bank Transfer,Completed,63.122.152.44
TXN000422,CUST00078,411753793,3589.3,Withdrawal,Merchant D,2025-09-06 09:10:13,Debit Card,Completed,141.240.40.141
TXN000423,CUST00043,881376594,3877.91,Payment,Merchant A,2025-01-31 09:10:13,Cash,Completed,245.11.37.59
TXN000424,CUST00179,599267318,3308.74,Payment,Merchant D,2025-07-18 09:10:13,Bank Transfer,Completed,212.123.244.169
TXN000425,CUST00012,184528931,4733.14,Payment,Merchant A,2025-01-27 09:10:13,Check,Pending,30.153.78.116
TXN000426,CUST00172,872116739,-890.6,Transfer,Merchant A,2025-04-19 09:10:13,Check,Failed,104.115.245.5
TXN000427,CUST00079,874172030,174.67,Transfer,Merchant G,2025-07-26 09:10:13,Cash,Completed,206.67.89.237
TXN000428,CUST00064,577792172,-954.62,Transfer,Merchant D,2024-12-14 09:10:13,Credit Card,Pending,41.241.214.170
TXN000429,CUST00064,950624450,2884.85,Withdrawal,Merchant A,2025-05-13 09:10:13,Credit Card,Pending,165.108.221.213
TXN000430,CUST00021,144703432,4388.18,Withdrawal,Merchant A,2025-07-25 09:10:13,Debit Card,Failed,18.34.150.249
TXN000431,CUST00197,238020046,460.89,Payment,Merchant F,2025-06-22 09:10:13,Bank Transfer,Completed,147.193.220.142
TXN000432,CUST00053,182801242,4562.21,Transfer,Merchant A,2025-08-10 09:10:13,Credit Card,Failed,96.111.97.169
TXN000433,CUST00170,603217436,-638.4,Withdrawal,Merchant A,2024-11-15 09:10:13,Credit Card,Completed,48.52.58.213
TXN000434,CUST00039,460510036,4606.62,Deposit,Merchant D,2025-02-01 09:10:13,Debit Card,Completed,240.249.57.103
TXN000435,CUST00003,100183556,1109.74,Transfer,Merchant B,2025-03-18 09:10:13,Credit Card,Pending,208.76.214.103
TXN000436,CUST00092,673135452,-391.48,Transfer,Merchant A,2024-10-18 09:10:13,Check,Failed,111.111.126.13
TXN000437,CUST00107,396807213,1915.23,Transfer,Merchant A,2024-09-24 09:10:13,Bank Transfer,Failed,12.236.211.153
TXN000438,CUST00079,189158295,540.66,Transfer,Merchant A,2025-05-18 09:10:13,Debit Card,Pending,74.30.240.241
TXN000439,CUST00030,516182052,709.24,Payment,Merchant C,2024-09-29 09:10:13,Check,Failed,251.54.15.59
TXN000440,CUST00126,701957619,843.74,Payment,Merchant C,2025-02-11 09:10:13,Bank Transfer,Completed,207.25.218.196
TXN000441,CUST00161,487522207,3818.16,Payment,Merchant B,2024-10-27 09:10:13,Debit Card,Failed,67.175.39.105
TXN000442,CUST00188,531018468,2234.97,Withdrawal,Merchant E,2025-02-07 09:10:13,Check,Pending,180.230.124.246
TXN000443,CUST00035,340290030,867.85,Withdrawal,Merchant F,2025-05-13 09:10:13,Cash,Pending,109.181.83.18
TXN000444,CUST00020,317124429,2662.0,Payment,Merchant D,2025-01-23 09:10:13,Cash,Completed,142.216.103.174
TXN000445,CUST00013,129548545,3296.9,Withdrawal,Merchant B,2025-03-23 09:10:13,Bank Transfer,Pending,101.30.88.2
TXN000446,CUST00097,522608195,635.74,Transfer,Merchant E,2025-02-17 09:10:13,Cash,Completed,138.61.137.157
TXN000447,CUST00011,507943778,1481.29,Payment,Merchant B,2025-06-18 09:10:13,Check,Failed,83.148.182.207
TXN000448,CUST00178,911774511,-268.68,Transfer,Merchant E,2024-09-18 09:10:13,Check,Failed,171.142.166.191
TXN000449,CUST00062,468067318,86.9,Deposit,Merchant D,2025-08-26 09:10:13,Debit Card,Failed,55.33.64.213
TXN000450,CUST00063,150401155,3086.71,Withdrawal,Merchant C,2025-02-24 09:10:13,Bank Transfer,Completed,73.189.215.181
TXN000451,CUST00151,755224789,88.63,Transfer,Merchant G,2024-09-25 09:10:13,Bank Transfer,Failed,133.73.104.155
TXN000452,CUST00147,926036195,2150.98,Purchase,Merchant D,2025-04-26 09:10:13,Cash,Failed,54.171.180.171
TXN000453,CUST00130,632817572,3254.28,Payment,Merchant E,2025-02-11 09:10:13,Check,Pending,224.214.48.254
TXN000454,CUST00073,156347015,-358.74,Purchase,Merchant C,2025-06-21 09:10:13,Check,Pending,50.187.185.97
TXN000455,CUST00006,994988297,2403.87,Deposit,Merchant A,2025-07-01 09:10:13,Credit Card,Failed,27.152.80.198
TXN000456,CUST00007,689736624,539.38,Withdrawal,Merchant F,2025-06-05 09:10:13,Credit Card,Pending,65.201.86.176
TXN000457,CUST00147,511883967,4777.56,Purchase,Merchant C,2025-06-09 09:10:13,Debit Card,Failed,123.227.13.139
TXN000458,CUST00016,164378182,1901.27,Purchase,Merchant E,2025-09-12 09:10:13,Credit Card,Pending,112.31.205.45
TXN000459,CUST00076,964094933,3835.96,Purchase,Merchant F,2024-11-09 09:10:13,Cash,Pending,146.119.125.118
TXN000460,CUST00038,659285406,2301.36,Withdrawal,Merchant B,2024-12-13 09:10:13,Credit Card,Pending,252.116.97.92
TXN000461,CUST00048,420861235,-739.52,Transfer,Merchant A,2025-04-30 09:10:13,Cash,Failed,253.253.145.65
TXN000462,CUST00156,470480664,2798.91,Purchase,Merchant C,2024-11-20 09:10:13,Check,Pending,237.71.243.54
TXN000463,CUST00123,148093814,4708.42,Payment,Merchant A,2024-11-01 09:10:13,Debit Card,Failed,191.101.157.178
TXN000464,CUST00047,868230461,2609.67,Purchase,Merchant D,2025-02-13 09:10:13,Cash,Completed,213.238.158.211
TXN000465,CUST00028,905412520,3915.13,Deposit,Merchant E,2025-09-03 09:10:13,Debit Card,Completed,97.223.209.103
TXN000466,CUST00070,435612277,4305.24,Deposit,Merchant D,2025-03-27 09:10:13,Debit Card,Pending,254.47.205.60
TXN000467,CUST00126,748051926,368.48,Withdrawal,Merchant F,2024-12-05 09:10:13,Credit Card,Failed,79.117.68.143
TXN000468,CUST00144,866302437,272.27,Transfer,Merchant E,2025-03-14 09:10:13,Debit Card,Pending,93.103.110.43
TXN000469,CUST00129,554147732,2665.89,Transfer,Merchant B,2025-08-07 09:10:13,Credit Card,Failed,129.83.170.155
TXN000470,CUST00157,438402132,1466.17,Deposit,Merchant G,2025-09-04 09:10:13,Credit Card,Failed,13.89.105.227
TXN000471,CUST00184,600807586,4039.17,Transfer,Merchant G,2025-01-05 09:10:13,Bank Transfer,Pending,77.166.214.192
TXN000472,CUST00149,221167557,4400.14,Payment,Merchant C,2024-11-19 09:10:13,Credit Card,Failed,69.173.40.142
TXN000473,CUST00137,263043249,1120.53,Withdrawal,Merchant B,2025-08-09 09:10:13,Bank Transfer,Completed,100.62.242.44
TXN000474,CUST00168,341622358,421.22,Purchase,Merchant F,2025-05-27 09:10:13,Debit Card,Pending,180.44.201.161
TXN000475,CUST00070,704971868,3683.15,Payment,Merchant A,2025-04-23 09:10:13,Credit Card,Pending,239.209.193.102
TXN000476,CUST00037,722040670,648.84,Withdrawal,Merchant G,2024-11-28 09:10:13,Cash,Failed,235.163.216.196
TXN000477,CUST00093,332513460,3935.69,Transfer,Merchant D,2025-02-21 09:10:13,Debit Card,Failed,57.148.183.28
TXN000478,CUST00133,983419507,1542.43,Transfer,Merchant C,2025-07-08 09:10:13,Bank Transfer,Pending,182.160.144.62
TXN000479,CUST00032,327962906,3005.3,Withdrawal,Merchant A,2025-04-21 09:10:13,Check,Pending,179.3.135.21
TXN000480,CUST00048,965073616,-426.79,Purchase,Merchant F,2025-07-17 09:10:13,Credit Card,Failed,126.193.69.175
TXN000481,CUST00031,411780531,2743.16,Transfer,Merchant G,2025-07-01 09:10:13,Check,Completed,244.122.52.223
TXN000482,CUST00120,666382947,1710.61,Withdrawal,Merchant A,2025-08-31 09:10:13,Check,Failed,39.53.136.174
TXN000483,CUST00138,621054397,2519.65,Transfer,Merchant C,2025-06-21 09:10:13,Debit Card,Completed,15.122.16.211
TXN000484,CUST00126,741715787,8.09,Purchase,Merchant A,2024-09-24 09:10:13,Bank Transfer,Completed,22.185.193.210
TXN000485,CUST00083,140262904,3421.24,Deposit,Merchant C,2025-04-21 09:10:13,Debit Card,Failed,53.136.124.57
TXN000486,CUST00075,563713490,4176.78,Withdrawal,Merchant E,2025-06-02 09:10:13,Bank Transfer,Completed,70.22.103.180
TXN000487,CUST00091,428886575,300.44,Deposit,Merchant D,2025-07-04 09:10:13,Bank Transfer,Completed,12.215.120.153
TXN000488,CUST00020,551218213,-425.71,Purchase,Merchant F,2024-10-10 09:10:13,Cash,Completed,123.9.253.207
TXN000489,CUST00182,427004706,-858.17,Purchase,Merchant G,2025-02-18 09:10:13,Bank Transfer,Failed,247.80.64.252
TXN000490,CUST00025,680487184,2851.83,Transfer,Merchant F,2025-03-12 09:10:13,Check,Failed,94.61.83.28
TXN000491,CUST00025,212215056,2642.56,Withdrawal,Merchant G,2024-12-11 09:10:13,Check,Failed,122.227.36.60
TXN000492,CUST00146,495880008,2280.18,Transfer,Merchant G,2025-03-09 09:10:13,Check,Failed,87.77.145.197
TXN000493,CUST00156,565286727,391.68,Payment,Merchant B,2025-08-05 09:10:13,Bank Transfer,Failed,230.79.109.226
TXN000494,CUST00102,127304664,1345.44,Deposit,Merchant B,2024-10-21 09:10:13,Credit Card,Failed,105.19.231.18
TXN000495,CUST00079,500033473,2566.86,Transfer,Merchant G,2025-03-14 09:10:13,Credit Card,Failed,171.16.231.50
TXN000496,CUST00155,364321523,1980.6,Transfer,Merchant C,2025-06-17 09:10:13,Cash,Pending,93.47.171.2
TXN000497,CUST00002,975631104,4926.71,Deposit,Merchant F,2025-03-12 09:10:13,Bank Transfer,Failed,95.88.188.22
TXN000498,CUST00169,480635277,-181.36,Transfer,Merchant E,2024-12-04 09:10:13,Bank Transfer,Failed,154.166.167.156
TXN000499,CUST00057,221772730,3170.87,Payment,Merchant B,2025-08-19 09:10:13,Bank Transfer,Pending,166.101.223.166
TXN000500,CUST00197,401790551,1425.91,Withdrawal,Merchant F,2025-05-05 09:10:13,Credit Card,Completed,24.211.35.102
